product_name,brewery,stats
Kentucky Brunch Brand Stout,Toppling Goliath Brewing Company,"You:
Not rated
From:
Toppling Goliath Brewing Company
  Iowa, United States
Style:
American Imperial Stout
Ranked #1
ABV:
12%
Score:
100
Ranked #1
Avg:
4.83 | pDev: 7.04%
Reviews:
192
Ratings:
953
Status:
Active
Rated:
Sep 04, 2025
Added:
Feb 26, 2012 by siradmiralnelson
Wants:
  4,130
Gots:
  134"
Marshmallow Handjee,3 Floyds Brewing Co.,"You:
Not rated
From:
3 Floyds Brewing Co.
  Indiana, United States
Style:
Russian Imperial Stout
Ranked #1
ABV:
15%
Score:
100
Ranked #2
Avg:
4.73 | pDev: 8.25%
Reviews:
353
Ratings:
1,832
Status:
Active
Rated:
Jul 04, 2025
Added:
Apr 26, 2008 by mcallister
Wants:
  4,737
Gots:
  330"
Abraxas - Barrel-Aged,Perennial Artisan Ales,"You:
Not rated
From:
Perennial Artisan Ales
  Missouri, United States
Style:
American Imperial Stout
Ranked #3
ABV:
12.8%
Score:
100
Ranked #3
Avg:
4.73 | pDev: 6.34%
Reviews:
192
Ratings:
1,721
Status:
Active
Rated:
Sep 12, 2025
Added:
Nov 17, 2012 by Etan
Wants:
  2,607
Gots:
  250"
R&D Sour Fruit (Very Sour Blackberry),New Glarus Brewing Company,"You:
Not rated
From:
New Glarus Brewing Company
  Wisconsin, United States
Style:
Wild Ale
Ranked #1
ABV:
5%
Score:
100
Ranked #4
Avg:
4.75 | pDev: 6.95%
Reviews:
63
Ratings:
408
Status:
Active
Rated:
Sep 16, 2025
Added:
Aug 19, 2013 by thebigredone
Wants:
  804
Gots:
  43"
Hunahpu's Imperial Stout - Double Barrel Aged,Cigar City Brewing,"You:
Not rated
From:
Cigar City Brewing
  Florida, United States
Style:
American Imperial Stout
Ranked #4
ABV:
11%
Score:
100
Ranked #5
Avg:
4.71 | pDev: 7.86%
Reviews:
171
Ratings:
1,672
Status:
Active
Rated:
May 27, 2025
Added:
Jan 16, 2014 by GatorLCA
Wants:
  1,827
Gots:
  247"
Heady Topper,The Alchemist,"You:
Not rated
From:
The Alchemist
  Vermont, United States
Style:
Imperial IPA
Ranked #1
ABV:
8%
Score:
100
Ranked #6
Avg:
4.7 | pDev: 7.02%
Reviews:
2,795
Ratings:
15,382
Status:
Active
Rated:
Aug 31, 2025
Added:
Mar 26, 2004 by scottum
Wants:
  9,872
Gots:
  6,654"
Mornin' Delight,Toppling Goliath Brewing Company,"You:
Not rated
From:
Toppling Goliath Brewing Company
  Iowa, United States
Style:
American Imperial Stout
Ranked #6
ABV:
12.8%
Score:
100
Ranked #7
Avg:
4.7 | pDev: 7.45%
Reviews:
315
Ratings:
1,795
Status:
Active
Rated:
Sep 12, 2025
Added:
Dec 17, 2011 by Pintofbrown
Wants:
  2,745
Gots:
  219"
King Julius,Tree House Brewing Company,"You:
Not rated
From:
Tree House Brewing Company
  Massachusetts, United States
Style:
New England IPA
Ranked #1
ABV:
8.2%
Score:
100
Ranked #8
Avg:
4.7 | pDev: 6.6%
Reviews:
300
Ratings:
1,704
Status:
Active
Rated:
Sep 07, 2025
Added:
Dec 08, 2012 by jlindros
Wants:
  1,411
Gots:
  371"
Pliny The Younger,Russian River Brewing Company,"You:
Not rated
From:
Russian River Brewing Company
  California, United States
Style:
Imperial IPA
Ranked #2
ABV:
10.25%
Score:
100
Ranked #9
Avg:
4.69 | pDev: 7.25%
Reviews:
1,044
Ratings:
3,600
Status:
Active
Rated:
Aug 09, 2025
Added:
Jan 27, 2005 by xlperro
Wants:
  6,814
Gots:
  612"
King JJJuliusss,Tree House Brewing Company,"You:
Not rated
From:
Tree House Brewing Company
  Massachusetts, United States
Style:
New England IPA
Ranked #2
ABV:
8.4%
Score:
100
Ranked #10
Avg:
4.7 | pDev: 6.81%
Reviews:
186
Ratings:
1,004
Status:
Active
Rated:
Saturday at 02:10 PM
Added:
Jun 24, 2016 by Dicers
Wants:
  483
Gots:
  126"
O.W.K.,Side Project Brewing,"You:
Not rated
From:
Side Project Brewing
  Missouri, United States
Style:
American Imperial Stout
Ranked #2
ABV:
15%
Score:
100
Ranked #11
Avg:
4.86 | pDev: 3.5%
Reviews:
15
Ratings:
89
Status:
Active
Rated:
Jul 09, 2025
Added:
May 26, 2018 by Luscious_Malfoy
Wants:
  57
Gots:
  3"
Blessed,Anchorage Brewing Company,"You:
Not rated
From:
Anchorage Brewing Company
  Alaska, United States
Style:
American Imperial Stout
Ranked #5
ABV:
15.5%
Score:
100
Ranked #12
Avg:
4.73 | pDev: 4.86%
Reviews:
65
Ratings:
311
Status:
Active
Rated:
Aug 29, 2025
Added:
May 25, 2020 by unclekeith
Wants:
  56
Gots:
  24"
M.J.K.,Side Project Brewing,"You:
Not rated
From:
Side Project Brewing
  Missouri, United States
Style:
English Barleywine
Ranked #1
ABV:
20%
Score:
100
Ranked #13
Avg:
4.85 | pDev: 3.51%
Reviews:
16
Ratings:
92
Status:
Active
Rated:
Sep 16, 2025
Added:
Feb 22, 2021 by Luscious_Malfoy
Wants:
  32
Gots:
  2"
Black Magick - Pappy Van Winkle,Voodoo Brewing Co.,"You:
Not rated
From:
Voodoo Brewing Co.
  Pennsylvania, United States
Style:
American Imperial Stout
Ranked #7
ABV:
13%
Score:
100
Ranked #14
Avg:
4.73 | pDev: 7.19%
Reviews:
38
Ratings:
283
Status:
Active
Rated:
Jul 21, 2025
Added:
Mar 26, 2013 by MarkIntihar
Wants:
  761
Gots:
  23"
Fundamental Observation,Bottle Logic Brewing,"You:
Not rated
From:
Bottle Logic Brewing
  California, United States
Style:
American Imperial Stout
Ranked #8
ABV:
14%
Score:
100
Ranked #15
Avg:
4.68 | pDev: 6.41%
Reviews:
310
Ratings:
1,578
Status:
Active
Rated:
Sep 09, 2025
Added:
May 17, 2015 by SimcoeKid
Wants:
  941
Gots:
  335"
Very Hazy,Tree House Brewing Company,"You:
Not rated
From:
Tree House Brewing Company
  Massachusetts, United States
Style:
New England IPA
Ranked #3
ABV:
8.6%
Score:
100
Ranked #16
Avg:
4.68 | pDev: 6.62%
Reviews:
228
Ratings:
1,378
Status:
Active
Rated:
Aug 16, 2025
Added:
Nov 22, 2014 by ThatsThatDude
Wants:
  740
Gots:
  302"
Zenne Y Frontera,Brouwerij 3 Fonteinen,"You:
Not rated
From:
Brouwerij 3 Fonteinen
  Belgium
Style:
Lambic
Ranked #1
ABV:
7%
Score:
100
Ranked #17
Avg:
4.7 | pDev: 5.11%
Reviews:
69
Ratings:
428
Status:
Active
Rated:
Jul 17, 2025
Added:
Aug 31, 2015 by ThatsThatDude
Wants:
  249
Gots:
  67"
Bourbon County Brand Vanilla Rye Stout,Goose Island Beer Co.,"You:
Not rated
From:
Goose Island Beer Co.
  Illinois, United States
Style:
American Imperial Stout
Ranked #10
ABV:
14%
Score:
100
Ranked #18
Avg:
4.67 | pDev: 6.85%
Reviews:
319
Ratings:
2,178
Status:
Active
Rated:
Sep 11, 2025
Added:
Aug 02, 2014 by ThatsThatDude
Wants:
  1,055
Gots:
  587"
A Deal With The Devil - Triple Oak-Aged,Anchorage Brewing Company,"You:
Not rated
From:
Anchorage Brewing Company
  Alaska, United States
Style:
American Barleywine
Ranked #1
ABV:
20.86%
Score:
100
Ranked #19
Avg:
4.74 | pDev: 5.49%
Reviews:
35
Ratings:
181
Status:
Active
Rated:
Yesterday at 05:28 PM
Added:
Oct 14, 2018 by Luscious_Malfoy
Wants:
  36
Gots:
  12"
Barrel Aged Imperial German Chocolate Cupcake Stout,Angry Chair Brewing,"You:
Not rated
From:
Angry Chair Brewing
  Florida, United States
Style:
American Imperial Stout
Ranked #11
ABV:
11%
Score:
100
Ranked #20
Avg:
4.69 | pDev: 6.4%
Reviews:
56
Ratings:
385
Status:
Active
Rated:
Jul 10, 2025
Added:
Mar 09, 2017 by The_Snow_Bird
Wants:
  219
Gots:
  25"
Fou' Foune,Brasserie Cantillon,"You:
Not rated
From:
Brasserie Cantillon
  Belgium
Style:
Fruit Lambic
Ranked #1
ABV:
5.5%
Score:
100
Ranked #21
Avg:
4.65 | pDev: 7.31%
Reviews:
589
Ratings:
3,258
Status:
Active
Rated:
Jun 14, 2025
Added:
Aug 05, 2002 by rastaman
Wants:
  2,852
Gots:
  680"
Very Green,Tree House Brewing Company,"You:
Not rated
From:
Tree House Brewing Company
  Massachusetts, United States
Style:
New England IPA
Ranked #4
ABV:
8.3%
Score:
100
Ranked #22
Avg:
4.65 | pDev: 6.02%
Reviews:
272
Ratings:
1,719
Status:
Active
Rated:
Aug 10, 2025
Added:
May 23, 2014 by Davepoolesque
Wants:
  531
Gots:
  354"
Assassin,Toppling Goliath Brewing Company,"You:
Not rated
From:
Toppling Goliath Brewing Company
  Iowa, United States
Style:
American Imperial Stout
Ranked #12
ABV:
12%
Score:
100
Ranked #23
Avg:
4.65 | pDev: 7.96%
Reviews:
176
Ratings:
1,536
Status:
Active
Rated:
Aug 29, 2025
Added:
Feb 19, 2012 by Pintofbrown
Wants:
  2,117
Gots:
  194"
Juice Machine,Tree House Brewing Company,"You:
Not rated
From:
Tree House Brewing Company
  Massachusetts, United States
Style:
New England IPA
Ranked #5
ABV:
8.2%
Score:
100
Ranked #24
Avg:
4.65 | pDev: 6.45%
Reviews:
249
Ratings:
1,399
Status:
Active
Rated:
Sep 07, 2025
Added:
Dec 30, 2015 by rudzud
Wants:
  728
Gots:
  260"
Pliny The Elder,Russian River Brewing Company,"You:
Not rated
From:
Russian River Brewing Company
  California, United States
Style:
Imperial IPA
Ranked #3
ABV:
8%
Score:
100
Ranked #25
Avg:
4.64 | pDev: 7.76%
Reviews:
4,001
Ratings:
15,787
Status:
Active
Rated:
Sep 14, 2025
Added:
Aug 23, 2003 by Todd
Wants:
  7,679
Gots:
  4,845"
V.S.O.J.,Revolution Brewing,"You:
Not rated
From:
Revolution Brewing
  Illinois, United States
Style:
English Barleywine
Ranked #4
ABV:
14.4%
Score:
100
Ranked #26
Avg:
4.68 | pDev: 4.7%
Reviews:
71
Ratings:
368
Status:
Active
Rated:
Aug 16, 2025
Added:
Jan 16, 2017 by emerge077
Wants:
  98
Gots:
  19"
CBS (Canadian Breakfast Stout),Founders Brewing Company,"You:
Not rated
From:
Founders Brewing Company
  Michigan, United States
Style:
American Imperial Stout
Ranked #13
ABV:
11.7%
Score:
100
Ranked #27
Avg:
4.64 | pDev: 8.19%
Reviews:
1,649
Ratings:
6,812
Status:
Active
Rated:
Sep 02, 2025
Added:
Feb 01, 2009 by CRJMellor
Wants:
  4,551
Gots:
  1,860"
Julius,Tree House Brewing Company,"You:
Not rated
From:
Tree House Brewing Company
  Massachusetts, United States
Style:
New England IPA
Ranked #6
ABV:
6.8%
Score:
100
Ranked #28
Avg:
4.64 | pDev: 6.68%
Reviews:
843
Ratings:
5,118
Status:
Active
Rated:
Aug 16, 2025
Added:
Oct 17, 2012 by Jason
Wants:
  2,496
Gots:
  1,835"
A Deal With The Devil - Double Oak-Aged,Anchorage Brewing Company,"You:
Not rated
From:
Anchorage Brewing Company
  Alaska, United States
Style:
American Barleywine
Ranked #2
ABV:
17%
Score:
100
Ranked #29
Avg:
4.69 | pDev: 5.12%
Reviews:
60
Ratings:
279
Status:
Active
Rated:
Aug 02, 2025
Added:
Oct 15, 2017 by ThatsThatDude
Wants:
  63
Gots:
  20"
Double Barrel V.S.O.J.,Revolution Brewing,"You:
Not rated
From:
Revolution Brewing
  Illinois, United States
Style:
English Barleywine
Ranked #2
ABV:
16.8%
Score:
100
Ranked #30
Avg:
4.74 | pDev: 5.06%
Reviews:
31
Ratings:
139
Status:
Active
Rated:
Sep 04, 2025
Added:
Oct 23, 2022 by Luscious_Malfoy
Wants:
  19
Gots:
  8"
Abner,Hill Farmstead Brewery,"You:
Not rated
From:
Hill Farmstead Brewery
  Vermont, United States
Style:
New England IPA
Ranked #8
ABV:
8.3%
Score:
100
Ranked #31
Avg:
4.63 | pDev: 7.13%
Reviews:
445
Ratings:
2,927
Status:
Active
Rated:
Jun 29, 2025
Added:
May 12, 2010 by kingcrowing
Wants:
  2,076
Gots:
  389"
Double Sunshine,Lawson's Finest Liquids,"You:
Not rated
From:
Lawson's Finest Liquids
  Vermont, United States
Style:
Imperial IPA
Ranked #4
ABV:
8%
Score:
100
Ranked #32
Avg:
4.63 | pDev: 7.34%
Reviews:
457
Ratings:
2,744
Status:
Active
Rated:
Aug 31, 2025
Added:
Dec 18, 2010 by kingcrowing
Wants:
  3,306
Gots:
  329"
Coconut Vibes - Barrel-Aged,Side Project Brewing,"You:
Not rated
From:
Side Project Brewing
  Missouri, United States
Style:
American Imperial Stout
Ranked #9
ABV:
15%
Score:
100
Ranked #33
Avg:
4.76 | pDev: 4.83%
Reviews:
15
Ratings:
108
Status:
Active
Rated:
Jul 21, 2025
Added:
Feb 05, 2019 by Luscious_Malfoy
Wants:
  37
Gots:
  3"
Very GGGreennn,Tree House Brewing Company,"You:
Not rated
From:
Tree House Brewing Company
  Massachusetts, United States
Style:
New England IPA
Ranked #7
ABV:
8.3%
Score:
100
Ranked #34
Avg:
4.65 | pDev: 6.02%
Reviews:
105
Ratings:
522
Status:
Active
Rated:
Aug 08, 2025
Added:
Jun 07, 2019 by bhatch729
Wants:
  64
Gots:
  37"
Clover,Hill Farmstead Brewery,"You:
Not rated
From:
Hill Farmstead Brewery
  Vermont, United States
Style:
Saison
Ranked #1
ABV:
6.5%
Score:
100
Ranked #35
Avg:
4.68 | pDev: 5.98%
Reviews:
46
Ratings:
245
Status:
Active
Rated:
Aug 29, 2025
Added:
May 14, 2015 by ThatsThatDude
Wants:
  115
Gots:
  35"
Chemtrailmix - Rye Barrel,3 Floyds Brewing Co.,"You:
Not rated
From:
3 Floyds Brewing Co.
  Indiana, United States
Style:
Russian Imperial Stout
Ranked #2
ABV:
15%
Score:
100
Ranked #36
Avg:
4.67 | pDev: 5.78%
Reviews:
36
Ratings:
286
Status:
Active
Rated:
Sep 11, 2025
Added:
May 14, 2017 by JeNSaYGooDByE
Wants:
  91
Gots:
  19"
Westly,Sante Adairius Rustic Ales,"You:
Not rated
From:
Sante Adairius Rustic Ales
  California, United States
Style:
Saison
Ranked #2
ABV:
8.5%
Score:
100
Ranked #37
Avg:
4.65 | pDev: 6.24%
Reviews:
54
Ratings:
453
Status:
Active
Rated:
Aug 16, 2025
Added:
Sep 09, 2014 by CheapBeerBuzz
Wants:
  564
Gots:
  35"
Jjjuliusss,Tree House Brewing Company,"You:
Not rated
From:
Tree House Brewing Company
  Massachusetts, United States
Style:
New England IPA
Ranked #9
ABV:
6.8%
Score:
100
Ranked #38
Avg:
4.63 | pDev: 6.48%
Reviews:
193
Ratings:
1,126
Status:
Active
Rated:
Aug 11, 2025
Added:
May 25, 2015 by Nav71292
Wants:
  345
Gots:
  150"
Dinner,Maine Beer Company,"You:
Not rated
From:
Maine Beer Company
  Maine, United States
Style:
Imperial IPA
Ranked #5
ABV:
8.2%
Score:
100
Ranked #39
Avg:
4.62 | pDev: 7.14%
Reviews:
392
Ratings:
2,813
Status:
Active
Rated:
Tuesday at 09:42 PM
Added:
Mar 10, 2014 by ThatsThatDude
Wants:
  1,859
Gots:
  648"
Anabasis,Side Project Brewing,"You:
Not rated
From:
Side Project Brewing
  Missouri, United States
Style:
American Barleywine
Ranked #3
ABV:
14%
Score:
100
Ranked #40
Avg:
4.66 | pDev: 5.15%
Reviews:
51
Ratings:
315
Status:
Active
Rated:
Jul 04, 2025
Added:
Feb 08, 2015 by Dicers
Wants:
  213
Gots:
  22"
Duck Duck Gooze,The Lost Abbey - The Tasting Room,"You:
Not rated
From:
The Lost Abbey - The Tasting Room
  California, United States
Style:
Gueuze
Ranked #1
ABV:
7%
Score:
100
Ranked #41
Avg:
4.62 | pDev: 6.93%
Reviews:
309
Ratings:
1,998
Status:
Active
Rated:
Jun 09, 2025
Added:
Jul 13, 2009 by illidurit
Wants:
  3,403
Gots:
  364"
Lou Pepe - Kriek,Brasserie Cantillon,"You:
Not rated
From:
Brasserie Cantillon
  Belgium
Style:
Fruit Lambic
Ranked #2
ABV:
5%
Score:
100
Ranked #42
Avg:
4.62 | pDev: 7.14%
Reviews:
375
Ratings:
1,898
Status:
Active
Rated:
Sep 10, 2025
Added:
May 12, 2002 by Todd
Wants:
  1,805
Gots:
  357"
Morning Wood,Funky Buddha Brewery,"You:
Not rated
From:
Funky Buddha Brewery
  Florida, United States
Style:
Imperial Porter
Ranked #1
ABV:
12%
Score:
100
Ranked #43
Avg:
4.62 | pDev: 6.71%
Reviews:
203
Ratings:
1,259
Status:
Active
Rated:
Jul 06, 2025
Added:
Jan 18, 2012 by Jason
Wants:
  897
Gots:
  225"
Trappist Westvleteren 12 (XII),Brouwerij Westvleteren (Sint-Sixtusabdij van Westvleteren),"You:
Not rated
From:
Brouwerij Westvleteren (Sint-Sixtusabdij van Westvleteren)
  Belgium
Style:
Quadrupel (Quad)
Ranked #1
ABV:
10.2%
Score:
100
Ranked #44
Avg:
4.61 | pDev: 8.03%
Reviews:
2,039
Ratings:
6,887
Status:
Active
Rated:
Sep 09, 2025
Added:
Nov 12, 2001 by Todd
Wants:
  3,873
Gots:
  2,368"
Speedway Stout - Vietnamese Coffee - Bourbon Barrel-Aged,AleSmith Brewing Company,"You:
Not rated
From:
AleSmith Brewing Company
  California, United States
Style:
American Imperial Stout
Ranked #15
ABV:
13.6%
Score:
100
Ranked #45
Avg:
4.62 | pDev: 5.84%
Reviews:
171
Ratings:
1,137
Status:
Active
Rated:
Yesterday at 01:36 PM
Added:
Jun 01, 2014 by Smarty_Pints
Wants:
  511
Gots:
  184"
10 Year Barleywine,Side Project Brewing,"You:
Not rated
From:
Side Project Brewing
  Missouri, United States
Style:
English Barleywine
Ranked #3
ABV:
17%
Score:
100
Ranked #46
Avg:
4.8 | pDev: 4.58%
Reviews:
8
Ratings:
74
Status:
Active
Rated:
Wednesday at 07:09 AM
Added:
Sep 27, 2023 by Luscious_Malfoy
Wants:
  14
Gots:
  1"
Framboise Du Fermier,Side Project Brewing,"You:
Not rated
From:
Side Project Brewing
  Missouri, United States
Style:
Saison
Ranked #4
ABV:
8%
Score:
100
Ranked #47
Avg:
4.64 | pDev: 5.39%
Reviews:
54
Ratings:
353
Status:
Active
Rated:
Aug 29, 2025
Added:
Apr 13, 2015 by coryking
Wants:
  295
Gots:
  23"
KBS,Founders Brewing Company,"You:
Not rated
From:
Founders Brewing Company
  Michigan, United States
Style:
American Imperial Stout
Ranked #16
ABV:
12%
Score:
100
Ranked #48
Avg:
4.6 | pDev: 8.7%
Reviews:
3,645
Ratings:
14,221
Status:
Active
Rated:
Sep 11, 2025
Added:
Dec 12, 2004 by Todd
Wants:
  4,615
Gots:
  7,307"
Bourbon County Brand Stout,Goose Island Beer Co.,"You:
Not rated
From:
Goose Island Beer Co.
  Illinois, United States
Style:
American Imperial Stout
Ranked #17
ABV:
14.7%
Score:
100
Ranked #49
Avg:
4.6 | pDev: 9.13%
Reviews:
3,341
Ratings:
13,477
Status:
Active
Rated:
Sep 14, 2025
Added:
Jun 25, 2003 by DrewBeechum
Wants:
  2,903
Gots:
  8,014"
Oude Fermier,Side Project Brewing,"You:
Not rated
From:
Side Project Brewing
  Missouri, United States
Style:
Saison
Ranked #3
ABV:
7%
Score:
100
Ranked #50
Avg:
4.68 | pDev: 5.56%
Reviews:
25
Ratings:
176
Status:
Active
Rated:
Saturday at 07:07 PM
Added:
Jun 26, 2014 by Jared14
Wants:
  235
Gots:
  16"
Doubleganger,Tree House Brewing Company,"You:
Not rated
From:
Tree House Brewing Company
  Massachusetts, United States
Style:
New England IPA
Ranked #10
ABV:
8.2%
Score:
100
Ranked #51
Avg:
4.61 | pDev: 5.86%
Reviews:
190
Ratings:
1,257
Status:
Active
Rated:
Sep 06, 2025
Added:
Dec 09, 2016 by burns3y
Wants:
  179
Gots:
  262"
Parabola,Firestone Walker Brewing Co.,"You:
Not rated
From:
Firestone Walker Brewing Co.
  California, United States
Style:
Russian Imperial Stout
Ranked #3
ABV:
13.8%
Score:
100
Ranked #52
Avg:
4.6 | pDev: 7.61%
Reviews:
1,478
Ratings:
7,271
Status:
Active
Rated:
Aug 27, 2025
Added:
Mar 26, 2008 by largadeer
Wants:
  3,189
Gots:
  3,826"
Fuzzy,Side Project Brewing,"You:
Not rated
From:
Side Project Brewing
  Missouri, United States
Style:
Wild Ale
Ranked #2
ABV:
8%
Score:
100
Ranked #53
Avg:
4.61 | pDev: 7.59%
Reviews:
119
Ratings:
1,037
Status:
Active
Rated:
Jul 28, 2025
Added:
Nov 06, 2013 by coryking
Wants:
  1,129
Gots:
  110"
Snowed In - Bourbon Barrel-Aged,Funky Buddha Brewery,"You:
Not rated
From:
Funky Buddha Brewery
  Florida, United States
Style:
Imperial Porter
Ranked #2
ABV:
11%
Score:
100
Ranked #54
Avg:
4.63 | pDev: 8.21%
Reviews:
62
Ratings:
400
Status:
Active
Rated:
Sep 14, 2025
Added:
Jun 28, 2015 by Alieniloquium
Wants:
  459
Gots:
  62"
Monster Tones,Modern Times Beer,"You:
Not rated
From:
Modern Times Beer
  California, United States
Style:
American Imperial Stout
Ranked #14
ABV:
13%
Score:
100
Ranked #55
Avg:
4.72 | pDev: 4.66%
Reviews:
10
Ratings:
113
Status:
Active
Rated:
Jun 14, 2025
Added:
Feb 01, 2018 by superspak
Wants:
  56
Gots:
  2"
Double Citra®,Hill Farmstead Brewery,"You:
Not rated
From:
Hill Farmstead Brewery
  Vermont, United States
Style:
Imperial IPA
Ranked #6
ABV:
8%
Score:
100
Ranked #56
Avg:
4.6 | pDev: 6.09%
Reviews:
271
Ratings:
2,141
Status:
Active
Rated:
Aug 29, 2025
Added:
May 29, 2011 by Satchboogie
Wants:
  1,195
Gots:
  230"
Ann,Hill Farmstead Brewery,"You:
Not rated
From:
Hill Farmstead Brewery
  Vermont, United States
Style:
Saison
Ranked #5
ABV:
6.5%
Score:
100
Ranked #57
Avg:
4.62 | pDev: 8.87%
Reviews:
93
Ratings:
475
Status:
Active
Rated:
Aug 29, 2025
Added:
May 27, 2012 by yourefragile
Wants:
  1,226
Gots:
  74"
Aaron,Hill Farmstead Brewery,"You:
Not rated
From:
Hill Farmstead Brewery
  Vermont, United States
Style:
English Barleywine
Ranked #5
ABV:
9%
Score:
100
Ranked #58
Avg:
4.61 | pDev: 6.07%
Reviews:
88
Ratings:
696
Status:
Active
Rated:
Sep 14, 2025
Added:
Jun 24, 2014 by ThatsThatDude
Wants:
  510
Gots:
  82"
Samuel,Hill Farmstead Brewery,"You:
Not rated
From:
Hill Farmstead Brewery
  Vermont, United States
Style:
Saison
Ranked #6
ABV:
6%
Score:
100
Ranked #59
Avg:
4.68 | pDev: 5.77%
Reviews:
23
Ratings:
145
Status:
Active
Rated:
Aug 16, 2025
Added:
Feb 16, 2019 by Luscious_Malfoy
Wants:
  34
Gots:
  14"
Atrial Rubicite,Jester King Brewery,"You:
Not rated
From:
Jester King Brewery
  Texas, United States
Style:
Wild Ale
Ranked #3
ABV:
5%
Score:
100
Ranked #60
Avg:
4.59 | pDev: 6.97%
Reviews:
222
Ratings:
2,071
Status:
Active
Rated:
Aug 23, 2025
Added:
Jun 02, 2013 by UT-Alex
Wants:
  1,422
Gots:
  368"
Maman,Perennial Artisan Ales,"You:
Not rated
From:
Perennial Artisan Ales
  Missouri, United States
Style:
American Imperial Stout
Ranked #18
ABV:
14%
Score:
100
Ranked #61
Avg:
4.61 | pDev: 7.16%
Reviews:
74
Ratings:
499
Status:
Active
Rated:
Friday at 09:47 PM
Added:
Oct 15, 2014 by drmcleod10
Wants:
  267
Gots:
  45"
Double Galaxy,Hill Farmstead Brewery,"You:
Not rated
From:
Hill Farmstead Brewery
  Vermont, United States
Style:
New England IPA
Ranked #11
ABV:
8%
Score:
100
Ranked #62
Avg:
4.59 | pDev: 6.75%
Reviews:
284
Ratings:
1,702
Status:
Active
Rated:
Aug 06, 2025
Added:
Apr 02, 2011 by sisuspeed
Wants:
  1,455
Gots:
  166"
Double Dry Hopped Congress Street,Trillium Brewing Company,"You:
Not rated
From:
Trillium Brewing Company
  Massachusetts, United States
Style:
New England IPA
Ranked #12
ABV:
7.2%
Score:
100
Ranked #63
Avg:
4.59 | pDev: 6.32%
Reviews:
209
Ratings:
1,653
Status:
Active
Rated:
May 14, 2025
Added:
Aug 19, 2014 by halo3one
Wants:
  432
Gots:
  322"
Nectarine Premiere,de Garde Brewing,"You:
Not rated
From:
de Garde Brewing
  Oregon, United States
Style:
Saison
Ranked #7
ABV:
8.1%
Score:
100
Ranked #64
Avg:
4.61 | pDev: 6.07%
Reviews:
61
Ratings:
432
Status:
Active
Rated:
Aug 30, 2025
Added:
Apr 24, 2015 by ThatsThatDude
Wants:
  226
Gots:
  27"
Headroom,Trillium Brewing Company,"You:
Not rated
From:
Trillium Brewing Company
  Massachusetts, United States
Style:
New England IPA
Ranked #13
ABV:
8%
Score:
100
Ranked #65
Avg:
4.59 | pDev: 6.54%
Reviews:
127
Ratings:
842
Status:
Active
Rated:
Sep 14, 2025
Added:
Aug 20, 2015 by ThatsThatDude
Wants:
  298
Gots:
  94"
Society & Solitude #4,Hill Farmstead Brewery,"You:
Not rated
From:
Hill Farmstead Brewery
  Vermont, United States
Style:
New England IPA
Ranked #15
ABV:
8%
Score:
100
Ranked #66
Avg:
4.58 | pDev: 6.33%
Reviews:
204
Ratings:
1,465
Status:
Active
Rated:
Jun 14, 2025
Added:
Jul 08, 2012 by jlindros
Wants:
  454
Gots:
  130"
Lou Pepe - Framboise,Brasserie Cantillon,"You:
Not rated
From:
Brasserie Cantillon
  Belgium
Style:
Fruit Lambic
Ranked #3
ABV:
5.5%
Score:
100
Ranked #67
Avg:
4.58 | pDev: 6.99%
Reviews:
318
Ratings:
1,444
Status:
Active
Rated:
Sep 12, 2025
Added:
Nov 03, 2003 by TheLongBeachBum
Wants:
  1,206
Gots:
  230"
Zombie Dust,3 Floyds Brewing Co.,"You:
Not rated
From:
3 Floyds Brewing Co.
  Indiana, United States
Style:
American Pale Ale
Ranked #1
ABV:
6.5%
Score:
100
Ranked #68
Avg:
4.57 | pDev: 8.53%
Reviews:
1,923
Ratings:
11,530
Status:
Active
Rated:
Friday at 02:07 PM
Added:
Dec 08, 2010 by hansgruber
Wants:
  4,947
Gots:
  3,826"
Cable Car,The Lost Abbey - The Tasting Room,"You:
Not rated
From:
The Lost Abbey - The Tasting Room
  California, United States
Style:
Wild Ale
Ranked #4
ABV:
7%
Score:
100
Ranked #69
Avg:
4.58 | pDev: 7.64%
Reviews:
249
Ratings:
1,163
Status:
Active
Rated:
Apr 13, 2025
Added:
Aug 12, 2007 by stephendr
Wants:
  2,704
Gots:
  117"
Very HHHazyyy,Tree House Brewing Company,"You:
Not rated
From:
Tree House Brewing Company
  Massachusetts, United States
Style:
New England IPA
Ranked #14
ABV:
8.8%
Score:
100
Ranked #70
Avg:
4.61 | pDev: 5.42%
Reviews:
57
Ratings:
325
Status:
Active
Rated:
Jul 29, 2025
Added:
Mar 30, 2021 by DVMin98
Wants:
  19
Gots:
  15"
Hunahpu's Imperial Stout,Cigar City Brewing,"You:
Not rated
From:
Cigar City Brewing
  Florida, United States
Style:
American Imperial Stout
Ranked #20
ABV:
10.2%
Score:
100
Ranked #71
Avg:
4.57 | pDev: 8.32%
Reviews:
867
Ratings:
4,468
Status:
Active
Rated:
Friday at 11:46 PM
Added:
Jan 03, 2009 by tpd975
Wants:
  3,730
Gots:
  1,261"
King Sue,Toppling Goliath Brewing Company,"You:
Not rated
From:
Toppling Goliath Brewing Company
  Iowa, United States
Style:
New England IPA
Ranked #16
ABV:
8.2%
Score:
100
Ranked #72
Avg:
4.57 | pDev: 7%
Reviews:
691
Ratings:
3,596
Status:
Active
Rated:
Sep 15, 2025
Added:
Feb 22, 2014 by TGanyone
Wants:
  1,422
Gots:
  601"
Green,Tree House Brewing Company,"You:
Not rated
From:
Tree House Brewing Company
  Massachusetts, United States
Style:
New England IPA
Ranked #17
ABV:
7.5%
Score:
100
Ranked #73
Avg:
4.57 | pDev: 6.78%
Reviews:
540
Ratings:
3,474
Status:
Active
Rated:
Aug 16, 2025
Added:
Jan 12, 2013 by jaasen64
Wants:
  897
Gots:
  1,118"
Haze,Tree House Brewing Company,"You:
Not rated
From:
Tree House Brewing Company
  Massachusetts, United States
Style:
New England IPA
Ranked #18
ABV:
8.2%
Score:
100
Ranked #74
Avg:
4.57 | pDev: 6.13%
Reviews:
480
Ratings:
3,240
Status:
Active
Rated:
Sep 06, 2025
Added:
Jun 19, 2014 by rudzud
Wants:
  712
Gots:
  1,066"
Flora Plum,Hill Farmstead Brewery,"You:
Not rated
From:
Hill Farmstead Brewery
  Vermont, United States
Style:
Saison
Ranked #8
ABV:
5%
Score:
100
Ranked #75
Avg:
4.6 | pDev: 5.22%
Reviews:
56
Ratings:
398
Status:
Active
Rated:
Aug 15, 2025
Added:
Mar 15, 2015 by ThatsThatDude
Wants:
  187
Gots:
  43"
Oude Geuze Vintage,Brouwerij 3 Fonteinen,"You:
Not rated
From:
Brouwerij 3 Fonteinen
  Belgium
Style:
Gueuze
Ranked #2
ABV:
6%
Score:
100
Ranked #76
Avg:
4.58 | pDev: 8.08%
Reviews:
153
Ratings:
899
Status:
Active
Rated:
Aug 23, 2025
Added:
May 14, 2006 by Todd
Wants:
  927
Gots:
  144"
Doppelganger,Tree House Brewing Company,"You:
Not rated
From:
Tree House Brewing Company
  Massachusetts, United States
Style:
New England IPA
Ranked #20
ABV:
8.2%
Score:
100
Ranked #77
Avg:
4.57 | pDev: 5.91%
Reviews:
309
Ratings:
2,128
Status:
Active
Rated:
Aug 06, 2025
Added:
Jan 22, 2016 by TomMorris
Wants:
  301
Gots:
  647"
Fort Point Pale Ale - Double Dry Hopped,Trillium Brewing Company,"You:
Not rated
From:
Trillium Brewing Company
  Massachusetts, United States
Style:
American Pale Ale
Ranked #2
ABV:
6.6%
Score:
100
Ranked #78
Avg:
4.57 | pDev: 5.91%
Reviews:
222
Ratings:
1,805
Status:
Active
Rated:
Sep 06, 2025
Added:
Mar 19, 2014 by Damian
Wants:
  374
Gots:
  324"
Swish,Bissell Brothers Brewing Co.,"You:
Not rated
From:
Bissell Brothers Brewing Co.
  Maine, United States
Style:
New England IPA
Ranked #21
ABV:
8%
Score:
100
Ranked #79
Avg:
4.57 | pDev: 6.35%
Reviews:
269
Ratings:
1,775
Status:
Active
Rated:
Friday at 05:00 PM
Added:
May 31, 2014 by Texasfan549
Wants:
  596
Gots:
  385"
Ghost In The Machine - Double Dry-Hopped,Parish Brewing Company,"You:
Not rated
From:
Parish Brewing Company
  Louisiana, United States
Style:
New England IPA
Ranked #19
ABV:
8.5%
Score:
100
Ranked #80
Avg:
4.59 | pDev: 5.88%
Reviews:
76
Ratings:
467
Status:
Active
Rated:
Sep 12, 2025
Added:
Dec 09, 2017 by Texasfan549
Wants:
  88
Gots:
  24"
Brandy Barrel Aged Dark Lord With Vanilla Beans,3 Floyds Brewing Co.,"You:
Not rated
From:
3 Floyds Brewing Co.
  Indiana, United States
Style:
Russian Imperial Stout
Ranked #4
ABV:
15%
Score:
100
Ranked #81
Avg:
4.64 | pDev: 11.85%
Reviews:
57
Ratings:
168
Status:
Active
Rated:
Sep 14, 2025
Added:
May 04, 2011 by Jips
Wants:
  439
Gots:
  37"
Grande Negro Voodoo Papi - Bourbon Barrel-Aged,Voodoo Brewing Co.,"You:
Not rated
From:
Voodoo Brewing Co.
  Pennsylvania, United States
Style:
American Imperial Stout
Ranked #19
ABV:
12%
Score:
100
Ranked #82
Avg:
4.59 | pDev: 6.54%
Reviews:
62
Ratings:
418
Status:
Active
Rated:
Aug 31, 2025
Added:
Jan 11, 2016 by tommyguz
Wants:
  238
Gots:
  41"
Focal Banger,The Alchemist,"You:
Not rated
From:
The Alchemist
  Vermont, United States
Style:
New England IPA
Ranked #22
ABV:
7%
Score:
100
Ranked #83
Avg:
4.56 | pDev: 7.24%
Reviews:
719
Ratings:
4,585
Status:
Active
Rated:
Tuesday at 10:10 PM
Added:
Jul 06, 2010 by koopa
Wants:
  1,874
Gots:
  1,370"
The Adjunct Trail - Bourbon Barrel-Aged,Angry Chair Brewing,"You:
Not rated
From:
Angry Chair Brewing
  Florida, United States
Style:
Sweet / Milk Stout
Ranked #1
ABV:
11%
Score:
100
Ranked #84
Avg:
4.66 | pDev: 5.58%
Reviews:
14
Ratings:
126
Status:
Active
Rated:
Sep 14, 2025
Added:
Mar 08, 2019 by xt0n1cx
Wants:
  32
Gots:
  3"
Abricot Du Fermier,Side Project Brewing,"You:
Not rated
From:
Side Project Brewing
  Missouri, United States
Style:
Saison
Ranked #9
ABV:
8%
Score:
100
Ranked #85
Avg:
4.58 | pDev: 5.68%
Reviews:
51
Ratings:
456
Status:
Active
Rated:
Mar 07, 2025
Added:
Sep 19, 2014 by coryking
Wants:
  302
Gots:
  45"
Coconut Vibes,Side Project Brewing,"You:
Not rated
From:
Side Project Brewing
  Missouri, United States
Style:
Russian Imperial Stout
Ranked #5
ABV:
13%
Score:
100
Ranked #86
Avg:
4.61 | pDev: 5.64%
Reviews:
36
Ratings:
223
Status:
Active
Rated:
Aug 15, 2025
Added:
Nov 02, 2017 by durlta
Wants:
  60
Gots:
  7"
Triple Shot,Tree House Brewing Company,"You:
Not rated
From:
Tree House Brewing Company
  Massachusetts, United States
Style:
American Imperial Stout
Ranked #21
ABV:
9.7%
Score:
100
Ranked #87
Avg:
4.57 | pDev: 5.69%
Reviews:
103
Ratings:
664
Status:
Active
Rated:
May 17, 2025
Added:
Feb 27, 2015 by ThatsThatDude
Wants:
  200
Gots:
  64"
West Ashley,Sante Adairius Rustic Ales,"You:
Not rated
From:
Sante Adairius Rustic Ales
  California, United States
Style:
Saison
Ranked #10
ABV:
7.3%
Score:
100
Ranked #88
Avg:
4.56 | pDev: 5.92%
Reviews:
116
Ratings:
1,217
Status:
Active
Rated:
Jun 19, 2025
Added:
Aug 26, 2012 by illidurit
Wants:
  950
Gots:
  139"
Ephraim,Hill Farmstead Brewery,"You:
Not rated
From:
Hill Farmstead Brewery
  Vermont, United States
Style:
Imperial IPA
Ranked #7
ABV:
9.1%
Score:
100
Ranked #89
Avg:
4.56 | pDev: 7.89%
Reviews:
257
Ratings:
1,170
Status:
Active
Rated:
Wednesday at 11:24 AM
Added:
Sep 28, 2010 by Kegatron
Wants:
  1,483
Gots:
  51"
Coffee Cinnamon B-Bomb,Fremont Brewing Company,"You:
Not rated
From:
Fremont Brewing Company
  Washington, United States
Style:
American Strong Ale
Ranked #1
ABV:
13%
Score:
100
Ranked #90
Avg:
4.56 | pDev: 5.92%
Reviews:
184
Ratings:
1,148
Status:
Active
Rated:
Jun 22, 2025
Added:
Dec 06, 2014 by twelveinches
Wants:
  470
Gots:
  200"
The Broken Truck,de Garde Brewing,"You:
Not rated
From:
de Garde Brewing
  Oregon, United States
Style:
Wild Ale
Ranked #5
ABV:
5%
Score:
100
Ranked #91
Avg:
4.58 | pDev: 6.33%
Reviews:
59
Ratings:
416
Status:
Active
Rated:
Aug 24, 2025
Added:
May 19, 2015 by anteater
Wants:
  260
Gots:
  38"
Supplication,Russian River Brewing Company,"You:
Not rated
From:
Russian River Brewing Company
  California, United States
Style:
Wild Ale
Ranked #6
ABV:
7.75%
Score:
100
Ranked #92
Avg:
4.55 | pDev: 8.79%
Reviews:
1,549
Ratings:
6,737
Status:
Active
Rated:
Aug 26, 2025
Added:
Feb 25, 2005 by Todd
Wants:
  2,781
Gots:
  2,237"
Sip Of Sunshine,Lawson's Finest Liquids,"You:
Not rated
From:
Lawson's Finest Liquids
  Vermont, United States
Style:
Imperial IPA
Ranked #8
ABV:
8%
Score:
100
Ranked #93
Avg:
4.55 | pDev: 7.25%
Reviews:
923
Ratings:
6,240
Status:
Active
Rated:
Aug 31, 2025
Added:
Apr 03, 2014 by MichaelAllenVT
Wants:
  1,527
Gots:
  2,719"
Saison Du Fermier,Side Project Brewing,"You:
Not rated
From:
Side Project Brewing
  Missouri, United States
Style:
Saison
Ranked #11
ABV:
7%
Score:
100
Ranked #94
Avg:
4.56 | pDev: 6.58%
Reviews:
74
Ratings:
899
Status:
Active
Rated:
Mar 23, 2025
Added:
Sep 15, 2013 by MasterSki
Wants:
  693
Gots:
  103"
Bourbon Paradise,Prairie Artisan Ales,"You:
Not rated
From:
Prairie Artisan Ales
  Oklahoma, United States
Style:
American Imperial Stout
Ranked #23
ABV:
13.7%
Score:
100
Ranked #95
Avg:
4.56 | pDev: 5.48%
Reviews:
172
Ratings:
854
Status:
Active
Rated:
May 15, 2025
Added:
Nov 29, 2017 by Ristaccia
Wants:
  100
Gots:
  75"
The Rusty Nail,Fremont Brewing Company,"You:
Not rated
From:
Fremont Brewing Company
  Washington, United States
Style:
Oatmeal Stout
Ranked #1
ABV:
13.3%
Score:
100
Ranked #96
Avg:
4.56 | pDev: 5.92%
Reviews:
180
Ratings:
824
Status:
Active
Rated:
Aug 24, 2025
Added:
Mar 28, 2014 by fsck
Wants:
  234
Gots:
  115"
Fourth Dementia - Bourbon Barrel-Aged,Kuhnhenn Brewing Company,"You:
Not rated
From:
Kuhnhenn Brewing Company
  Michigan, United States
Style:
Old Ale
Ranked #1
ABV:
13.6%
Score:
100
Ranked #97
Avg:
4.55 | pDev: 8.57%
Reviews:
455
Ratings:
2,091
Status:
Active
Rated:
Thursday at 08:24 PM
Added:
Dec 14, 2006 by alexgash
Wants:
  1,731
Gots:
  446"
Citra,Kern River Brewing Company,"You:
Not rated
From:
Kern River Brewing Company
  California, United States
Style:
Imperial IPA
Ranked #9
ABV:
8%
Score:
100
Ranked #98
Avg:
4.55 | pDev: 8.79%
Reviews:
440
Ratings:
1,915
Status:
Active
Rated:
Jul 31, 2025
Added:
Feb 13, 2010 by Solomon420
Wants:
  3,132
Gots:
  152"
Fort Point Pale Ale - Galaxy Dry Hopped,Trillium Brewing Company,"You:
Not rated
From:
Trillium Brewing Company
  Massachusetts, United States
Style:
American Pale Ale
Ranked #3
ABV:
6.6%
Score:
100
Ranked #99
Avg:
4.55 | pDev: 6.15%
Reviews:
210
Ratings:
1,799
Status:
Active
Rated:
Jun 14, 2025
Added:
Dec 06, 2013 by JCTetreault
Wants:
  445
Gots:
  325"
Triple Sunshine,Lawson's Finest Liquids,"You:
Not rated
From:
Lawson's Finest Liquids
  Vermont, United States
Style:
Imperial IPA
Ranked #10
ABV:
10.5%
Score:
100
Ranked #100
Avg:
4.55 | pDev: 7.25%
Reviews:
174
Ratings:
1,185
Status:
Active
Rated:
May 14, 2025
Added:
May 06, 2014 by Rymar9
Wants:
  898
Gots:
  142"
Black Note Stout,Bell's Brewery - Eccentric Café & General Store,"You:
Not rated
From:
Bell's Brewery - Eccentric Café & General Store
  Michigan, United States
Style:
American Imperial Stout
Ranked #25
ABV:
11.2%
Score:
100
Ranked #101
Avg:
4.54 | pDev: 7.71%
Reviews:
846
Ratings:
4,989
Status:
Active
Rated:
Sep 04, 2025
Added:
Jun 15, 2007 by mcallister
Wants:
  2,721
Gots:
  1,320"
Black Tuesday,The Bruery,"You:
Not rated
From:
The Bruery
  California, United States
Style:
American Imperial Stout
Ranked #26
ABV:
19.5%
Score:
100
Ranked #102
Avg:
4.54 | pDev: 9.25%
Reviews:
802
Ratings:
4,287
Status:
Active
Rated:
Sep 04, 2025
Added:
Jul 17, 2009 by OlieIPA
Wants:
  3,251
Gots:
  2,042"
Beatification,Russian River Brewing Company,"You:
Not rated
From:
Russian River Brewing Company
  California, United States
Style:
Wild Ale
Ranked #7
ABV:
6%
Score:
100
Ranked #103
Avg:
4.54 | pDev: 8.59%
Reviews:
622
Ratings:
2,948
Status:
Active
Rated:
Aug 30, 2025
Added:
Jan 25, 2006 by hopsaplenty
Wants:
  3,126
Gots:
  592"
Alter Ego,Tree House Brewing Company,"You:
Not rated
From:
Tree House Brewing Company
  Massachusetts, United States
Style:
New England IPA
Ranked #23
ABV:
6.8%
Score:
100
Ranked #104
Avg:
4.54 | pDev: 6.17%
Reviews:
372
Ratings:
2,639
Status:
Active
Rated:
Aug 23, 2025
Added:
Jun 11, 2015 by Nav71292
Wants:
  519
Gots:
  866"
Sunday Brunch,Kane Brewing Company,"You:
Not rated
From:
Kane Brewing Company
  New Jersey, United States
Style:
Imperial Porter
Ranked #3
ABV:
9.2%
Score:
100
Ranked #105
Avg:
4.55 | pDev: 6.37%
Reviews:
102
Ratings:
860
Status:
Active
Rated:
Aug 12, 2025
Added:
Apr 26, 2014 by SadMachine
Wants:
  475
Gots:
  92"
Saint Lamvinus,Brasserie Cantillon,"You:
Not rated
From:
Brasserie Cantillon
  Belgium
Style:
Fruit Lambic
Ranked #4
ABV:
7%
Score:
100
Ranked #106
Avg:
4.54 | pDev: 7.49%
Reviews:
520
Ratings:
2,332
Status:
Active
Rated:
Sep 10, 2025
Added:
Mar 19, 2003 by truthbrew
Wants:
  1,421
Gots:
  465"
Society & Solitude #5,Hill Farmstead Brewery,"You:
Not rated
From:
Hill Farmstead Brewery
  Vermont, United States
Style:
New England IPA
Ranked #24
ABV:
8.1%
Score:
100
Ranked #107
Avg:
4.54 | pDev: 6.17%
Reviews:
204
Ratings:
1,662
Status:
Active
Rated:
Aug 09, 2025
Added:
Sep 22, 2012 by Brad007
Wants:
  453
Gots:
  174"
Mexican Brunch,Kane Brewing Company,"You:
Not rated
From:
Kane Brewing Company
  New Jersey, United States
Style:
Imperial Porter
Ranked #4
ABV:
9.2%
Score:
100
Ranked #108
Avg:
4.55 | pDev: 6.15%
Reviews:
77
Ratings:
616
Status:
Active
Rated:
Aug 12, 2025
Added:
May 21, 2015 by Dustin_Sallitt
Wants:
  216
Gots:
  61"
Last Buffalo In The Park,Funky Buddha Brewery,"You:
Not rated
From:
Funky Buddha Brewery
  Florida, United States
Style:
Imperial Porter
Ranked #5
ABV:
11.5%
Score:
100
Ranked #109
Avg:
4.54 | pDev: 6.83%
Reviews:
138
Ratings:
914
Status:
Active
Rated:
Oct 10, 2024
Added:
Jan 10, 2015 by Alieniloquium
Wants:
  239
Gots:
  86"
Chocolate Rain,The Bruery,"You:
Not rated
From:
The Bruery
  California, United States
Style:
American Imperial Stout
Ranked #33
ABV:
19.6%
Score:
100
Ranked #110
Avg:
4.53 | pDev: 9.49%
Reviews:
379
Ratings:
2,889
Status:
Active
Rated:
Jul 24, 2025
Added:
Oct 27, 2009 by mikedashg
Wants:
  2,601
Gots:
  994"
Black Gold,Central Waters Brewing Co.,"You:
Not rated
From:
Central Waters Brewing Co.
  Wisconsin, United States
Style:
American Imperial Stout
Ranked #31
ABV:
13%
Score:
100
Ranked #111
Avg:
4.54 | pDev: 6.61%
Reviews:
127
Ratings:
884
Status:
Active
Rated:
May 23, 2025
Added:
Oct 12, 2013 by lunarbrew
Wants:
  580
Gots:
  170"
Miami Madness,J. Wakefield Brewing,"You:
Not rated
From:
J. Wakefield Brewing
  Florida, United States
Style:
Fruited Kettle Sour
Ranked #1
ABV:
7%
Score:
100
Ranked #112
Avg:
4.55 | pDev: 6.59%
Reviews:
67
Ratings:
510
Status:
Active
Rated:
Apr 25, 2025
Added:
Jan 28, 2015 by CheapBeerBuzz
Wants:
  241
Gots:
  31"
4th Anniversary,Other Half Brewing - Center Street,"You:
Not rated
From:
Other Half Brewing - Center Street
  New York, United States
Style:
New England IPA
Ranked #25
ABV:
10%
Score:
100
Ranked #113
Avg:
4.57 | pDev: 6.13%
Reviews:
34
Ratings:
282
Status:
Active
Rated:
Apr 12, 2025
Added:
Feb 03, 2018 by IdrinkGas
Wants:
  31
Gots:
  27"
Beyond Good And Evil,Hill Farmstead Brewery,"You:
Not rated
From:
Hill Farmstead Brewery
  Vermont, United States
Style:
American Imperial Stout
Ranked #32
ABV:
10%
Score:
100
Ranked #114
Avg:
4.54 | pDev: 7.27%
Reviews:
85
Ratings:
791
Status:
Active
Rated:
Jul 21, 2025
Added:
Feb 04, 2014 by ThatsThatDude
Wants:
  594
Gots:
  76"
The Peach,de Garde Brewing,"You:
Not rated
From:
de Garde Brewing
  Oregon, United States
Style:
Wild Ale
Ranked #8
ABV:
7.3%
Score:
100
Ranked #115
Avg:
4.56 | pDev: 6.58%
Reviews:
56
Ratings:
348
Status:
Active
Rated:
Jun 21, 2025
Added:
Nov 14, 2015 by ThatsThatDude
Wants:
  148
Gots:
  25"
Double Shot,Tree House Brewing Company,"You:
Not rated
From:
Tree House Brewing Company
  Massachusetts, United States
Style:
American Imperial Stout
Ranked #36
ABV:
8.2%
Score:
100
Ranked #116
Avg:
4.53 | pDev: 6.18%
Reviews:
136
Ratings:
1,246
Status:
Active
Rated:
May 14, 2025
Added:
Feb 22, 2014 by Jason
Wants:
  581
Gots:
  223"
Gggreennn!,Tree House Brewing Company,"You:
Not rated
From:
Tree House Brewing Company
  Massachusetts, United States
Style:
New England IPA
Ranked #26
ABV:
7.5%
Score:
100
Ranked #117
Avg:
4.54 | pDev: 6.17%
Reviews:
105
Ratings:
586
Status:
Active
Rated:
Sep 07, 2025
Added:
Jun 08, 2018 by bhatch729
Wants:
  51
Gots:
  66"
Parabajava,Firestone Walker Brewing Co.,"You:
Not rated
From:
Firestone Walker Brewing Co.
  California, United States
Style:
Russian Imperial Stout
Ranked #7
ABV:
14%
Score:
100
Ranked #118
Avg:
4.53 | pDev: 6.18%
Reviews:
143
Ratings:
962
Status:
Active
Rated:
Aug 24, 2025
Added:
Apr 13, 2013 by Rau71
Wants:
  435
Gots:
  165"
Plead The 5th - Bourbon Barrel-Aged,Dark Horse Brewing Company,"You:
Not rated
From:
Dark Horse Brewing Company
  Michigan, United States
Style:
Russian Imperial Stout
Ranked #8
ABV:
11%
Score:
100
Ranked #119
Avg:
4.52 | pDev: 7.52%
Reviews:
491
Ratings:
3,377
Status:
Active
Rated:
Feb 23, 2025
Added:
Jul 25, 2010 by MbpBugeye
Wants:
  2,156
Gots:
  842"
Notorious Triple IPA,Boneyard Beer Company,"You:
Not rated
From:
Boneyard Beer Company
  Oregon, United States
Style:
Imperial IPA
Ranked #11
ABV:
11.5%
Score:
100
Ranked #120
Avg:
4.53 | pDev: 7.51%
Reviews:
122
Ratings:
908
Status:
Active
Rated:
Sep 15, 2025
Added:
Jun 14, 2011 by jdense
Wants:
  554
Gots:
  96"
Medianoche - Coconut,WeldWerks Brewing Co.,"You:
Not rated
From:
WeldWerks Brewing Co.
  Colorado, United States
Style:
American Imperial Stout
Ranked #29
ABV:
14.1%
Score:
100
Ranked #121
Avg:
4.56 | pDev: 6.58%
Reviews:
45
Ratings:
269
Status:
Active
Rated:
Saturday at 09:15 PM
Added:
Mar 06, 2016 by spoony
Wants:
  82
Gots:
  11"
Leaner,Casey Brewing & Blending and Barrel Cellar,"You:
Not rated
From:
Casey Brewing & Blending and Barrel Cellar
  Colorado, United States
Style:
Saison
Ranked #12
ABV:
8%
Score:
100
Ranked #122
Avg:
4.56 | pDev: 5.26%
Reviews:
31
Ratings:
260
Status:
Active
Rated:
May 31, 2025
Added:
Jan 02, 2016 by ThatsThatDude
Wants:
  106
Gots:
  15"
Cutting Tiles - Mosaic,Trillium Brewing Company,"You:
Not rated
From:
Trillium Brewing Company
  Massachusetts, United States
Style:
New England IPA
Ranked #27
ABV:
8.5%
Score:
100
Ranked #123
Avg:
4.52 | pDev: 7.3%
Reviews:
207
Ratings:
1,459
Status:
Active
Rated:
Aug 03, 2025
Added:
Apr 24, 2015 by American_Hawk
Wants:
  425
Gots:
  294"
Pseudo Sue - Double Dry-Hopped,Toppling Goliath Brewing Company,"You:
Not rated
From:
Toppling Goliath Brewing Company
  Iowa, United States
Style:
American Pale Ale
Ranked #4
ABV:
5.8%
Score:
100
Ranked #124
Avg:
4.52 | pDev: 6.64%
Reviews:
247
Ratings:
1,446
Status:
Active
Rated:
Aug 09, 2025
Added:
May 25, 2016 by Dicers
Wants:
  125
Gots:
  211"
I Let My Tape Rock,J. Wakefield Brewing,"You:
Not rated
From:
J. Wakefield Brewing
  Florida, United States
Style:
American Imperial Stout
Ranked #22
ABV:
17%
Score:
100
Ranked #125
Avg:
4.62 | pDev: 4.98%
Reviews:
9
Ratings:
114
Status:
Active
Rated:
Jun 28, 2025
Added:
Feb 14, 2018 by jaydoc
Wants:
  48
Gots:
  5"
Breakfast Stout,Founders Brewing Company,"You:
Not rated
From:
Founders Brewing Company
  Michigan, United States
Style:
Oatmeal Stout
Ranked #2
ABV:
8.3%
Score:
100
Ranked #126
Avg:
4.51 | pDev: 9.09%
Reviews:
4,172
Ratings:
17,989
Status:
Active
Rated:
Aug 26, 2025
Added:
Jul 26, 2003 by marburg
Wants:
  2,076
Gots:
  6,990"
In Perpetuity,Tree House Brewing Company,"You:
Not rated
From:
Tree House Brewing Company
  Massachusetts, United States
Style:
New England IPA
Ranked #29
ABV:
6.7%
Score:
100
Ranked #127
Avg:
4.52 | pDev: 6.42%
Reviews:
187
Ratings:
1,134
Status:
Active
Rated:
Aug 15, 2025
Added:
Sep 09, 2015 by ThatsThatDude
Wants:
  315
Gots:
  225"
Moment Of Clarity,Tree House Brewing Company,"You:
Not rated
From:
Tree House Brewing Company
  Massachusetts, United States
Style:
Sweet / Milk Stout
Ranked #2
ABV:
7.7%
Score:
100
Ranked #128
Avg:
4.53 | pDev: 6.18%
Reviews:
102
Ratings:
591
Status:
Active
Rated:
Jun 14, 2025
Added:
Jan 19, 2018 by Larueminati
Wants:
  77
Gots:
  67"
Fundamental Forces,Bottle Logic Brewing,"You:
Not rated
From:
Bottle Logic Brewing
  California, United States
Style:
American Imperial Stout
Ranked #34
ABV:
16.2%
Score:
100
Ranked #129
Avg:
4.55 | pDev: 6.15%
Reviews:
45
Ratings:
296
Status:
Active
Rated:
Apr 21, 2025
Added:
May 23, 2016 by fthegiants
Wants:
  103
Gots:
  37"
§ucaba,Firestone Walker Brewing Co.,"You:
Not rated
From:
Firestone Walker Brewing Co.
  California, United States
Style:
English Barleywine
Ranked #6
ABV:
12.5%
Score:
100
Ranked #130
Avg:
4.51 | pDev: 7.98%
Reviews:
1,030
Ratings:
5,539
Status:
Active
Rated:
Aug 09, 2025
Added:
Feb 21, 2008 by SacoDeToro
Wants:
  1,369
Gots:
  2,924"
Wide Awake It's Morning,Funky Buddha Brewery,"You:
Not rated
From:
Funky Buddha Brewery
  Florida, United States
Style:
Imperial Porter
Ranked #6
ABV:
10%
Score:
100
Ranked #131
Avg:
4.52 | pDev: 7.3%
Reviews:
175
Ratings:
1,008
Status:
Active
Rated:
Apr 28, 2024
Added:
Apr 01, 2011 by Habmike
Wants:
  783
Gots:
  147"
Kaggen! Stormaktsporter,Närke Kulturbryggeri AB,"You:
Not rated
From:
Närke Kulturbryggeri AB
  Sweden
Style:
Russian Imperial Stout
Ranked #6
ABV:
10%
Score:
100
Ranked #132
Avg:
4.56 | pDev: 8.11%
Reviews:
106
Ratings:
235
Status:
Active
Rated:
May 10, 2025
Added:
May 14, 2008 by baggio
Wants:
  1,300
Gots:
  10"
Double Nelson,Hill Farmstead Brewery,"You:
Not rated
From:
Hill Farmstead Brewery
  Vermont, United States
Style:
New England IPA
Ranked #30
ABV:
8%
Score:
100
Ranked #133
Avg:
4.53 | pDev: 5.52%
Reviews:
93
Ratings:
525
Status:
Active
Rated:
Thursday at 08:56 PM
Added:
Jan 18, 2017 by SkiBum22
Wants:
  50
Gots:
  27"
Framboos,Brouwerij 3 Fonteinen,"You:
Not rated
From:
Brouwerij 3 Fonteinen
  Belgium
Style:
Fruit Lambic
Ranked #5
ABV:
6.2%
Score:
100
Ranked #134
Avg:
4.52 | pDev: 7.08%
Reviews:
159
Ratings:
905
Status:
Active
Rated:
Sep 02, 2025
Added:
Mar 02, 2003 by TheLongBeachBum
Wants:
  764
Gots:
  162"
Blåbær Lambik,Brasserie Cantillon,"You:
Not rated
From:
Brasserie Cantillon
  Belgium
Style:
Fruit Lambic
Ranked #6
ABV:
5%
Score:
100
Ranked #135
Avg:
4.52 | pDev: 8.41%
Reviews:
266
Ratings:
900
Status:
Active
Rated:
Aug 01, 2025
Added:
Apr 11, 2007 by Crosling
Wants:
  2,516
Gots:
  120"
Pirate Bomb!,Prairie Artisan Ales,"You:
Not rated
From:
Prairie Artisan Ales
  Oklahoma, United States
Style:
American Imperial Stout
Ranked #41
ABV:
15%
Score:
100
Ranked #136
Avg:
4.51 | pDev: 7.32%
Reviews:
332
Ratings:
2,472
Status:
Active
Rated:
Aug 12, 2025
Added:
Oct 19, 2013 by Nuggetz
Wants:
  977
Gots:
  634"
Speedway Stout - Bourbon Barrel-Aged,AleSmith Brewing Company,"You:
Not rated
From:
AleSmith Brewing Company
  California, United States
Style:
Russian Imperial Stout
Ranked #9
ABV:
13.3%
Score:
100
Ranked #137
Avg:
4.51 | pDev: 7.54%
Reviews:
411
Ratings:
2,406
Status:
Active
Rated:
Aug 20, 2025
Added:
Jan 01, 2004 by beerguy101
Wants:
  2,034
Gots:
  660"
Emperor Julius,Tree House Brewing Company,"You:
Not rated
From:
Tree House Brewing Company
  Massachusetts, United States
Style:
New England IPA
Ranked #28
ABV:
8.8%
Score:
100
Ranked #138
Avg:
4.54 | pDev: 5.73%
Reviews:
63
Ratings:
352
Status:
Active
Rated:
Tuesday at 06:50 PM
Added:
Jun 24, 2021 by PhineasMcClintock
Wants:
  19
Gots:
  18"
King Sue - Double Dry-Hopped,Toppling Goliath Brewing Company,"You:
Not rated
From:
Toppling Goliath Brewing Company
  Iowa, United States
Style:
New England IPA
Ranked #32
ABV:
7.8%
Score:
100
Ranked #139
Avg:
4.53 | pDev: 5.74%
Reviews:
111
Ratings:
491
Status:
Active
Rated:
Sep 04, 2025
Added:
Sep 20, 2019 by Luscious_Malfoy
Wants:
  20
Gots:
  26"
Double Dry Hopped Double Mosaic Dream,Other Half Brewing - Center Street,"You:
Not rated
From:
Other Half Brewing - Center Street
  New York, United States
Style:
New England IPA
Ranked #33
ABV:
8.5%
Score:
100
Ranked #140
Avg:
4.52 | pDev: 6.42%
Reviews:
138
Ratings:
768
Status:
Active
Rated:
Aug 24, 2025
Added:
Sep 19, 2016 by ThatsThatDude
Wants:
  112
Gots:
  97"
Grey Monday,The Bruery,"You:
Not rated
From:
The Bruery
  California, United States
Style:
American Imperial Stout
Ranked #42
ABV:
19.9%
Score:
100
Ranked #141
Avg:
4.51 | pDev: 7.76%
Reviews:
187
Ratings:
1,945
Status:
Active
Rated:
Jul 14, 2025
Added:
Oct 18, 2011 by Halcyondays
Wants:
  1,269
Gots:
  530"
Barrel-Aged Sump Coffee Stout,Perennial Artisan Ales,"You:
Not rated
From:
Perennial Artisan Ales
  Missouri, United States
Style:
American Imperial Stout
Ranked #39
ABV:
10.5%
Score:
100
Ranked #142
Avg:
4.52 | pDev: 7.52%
Reviews:
77
Ratings:
683
Status:
Active
Rated:
Sep 07, 2025
Added:
Dec 01, 2012 by Etan
Wants:
  622
Gots:
  69"
Nillerzzzzz,Forager Brewing Company,"You:
Not rated
From:
Forager Brewing Company
  Minnesota, United States
Style:
American Imperial Stout
Ranked #28
ABV:
14%
Score:
100
Ranked #143
Avg:
4.58 | pDev: 5.24%
Reviews:
19
Ratings:
158
Status:
Active
Rated:
Jul 05, 2025
Added:
Mar 23, 2018 by gatornation
Wants:
  63
Gots:
  6"
Truth,Tree House Brewing Company,"You:
Not rated
From:
Tree House Brewing Company
  Massachusetts, United States
Style:
American Imperial Stout
Ranked #27
ABV:
12.3%
Score:
100
Ranked #144
Avg:
4.59 | pDev: 7.84%
Reviews:
19
Ratings:
140
Status:
Active
Rated:
Tuesday at 06:54 PM
Added:
Feb 27, 2015 by Dicers
Wants:
  31
Gots:
  4"
JJJuiceee Machine,Tree House Brewing Company,"You:
Not rated
From:
Tree House Brewing Company
  Massachusetts, United States
Style:
New England IPA
Ranked #31
ABV:
8.6%
Score:
100
Ranked #145
Avg:
4.55 | pDev: 5.71%
Reviews:
39
Ratings:
255
Status:
Active
Rated:
May 26, 2025
Added:
Jun 18, 2021 by FBarber
Wants:
  15
Gots:
  15"
Lou Pepe - Gueuze,Brasserie Cantillon,"You:
Not rated
From:
Brasserie Cantillon
  Belgium
Style:
Gueuze
Ranked #3
ABV:
5%
Score:
100
Ranked #146
Avg:
4.51 | pDev: 7.32%
Reviews:
220
Ratings:
1,276
Status:
Active
Rated:
Jun 26, 2025
Added:
Nov 30, 2003 by TheLongBeachBum
Wants:
  1,196
Gots:
  270"
Trappistes Rochefort 10,Brasserie de Rochefort,"You:
Not rated
From:
Brasserie de Rochefort
  Belgium
Style:
Quadrupel (Quad)
Ranked #2
ABV:
11.3%
Score:
99
Ranked #147
Avg:
4.5 | pDev: 9.56%
Reviews:
3,110
Ratings:
10,060
Status:
Active
Rated:
Sep 14, 2025
Added:
Nov 05, 2000 by Todd
Wants:
  997
Gots:
  2,889"
Society & Solitude #6,Hill Farmstead Brewery,"You:
Not rated
From:
Hill Farmstead Brewery
  Vermont, United States
Style:
New England IPA
Ranked #35
ABV:
8%
Score:
99
Ranked #148
Avg:
4.51 | pDev: 5.54%
Reviews:
126
Ratings:
1,057
Status:
Active
Rated:
May 15, 2025
Added:
Feb 28, 2013 by claytong
Wants:
  229
Gots:
  84"
Art,Hill Farmstead Brewery,"You:
Not rated
From:
Hill Farmstead Brewery
  Vermont, United States
Style:
Saison
Ranked #13
ABV:
6.5%
Score:
99
Ranked #149
Avg:
4.52 | pDev: 7.52%
Reviews:
98
Ratings:
556
Status:
Active
Rated:
Aug 16, 2025
Added:
Mar 01, 2011 by t0rin0
Wants:
  562
Gots:
  55"
Montmorency Vs Balaton,Jester King Brewery,"You:
Not rated
From:
Jester King Brewery
  Texas, United States
Style:
Wild Ale
Ranked #9
ABV:
6.1%
Score:
99
Ranked #150
Avg:
4.51 | pDev: 6.87%
Reviews:
95
Ratings:
962
Status:
Active
Rated:
Jan 11, 2025
Added:
Feb 27, 2014 by Uanof
Wants:
  584
Gots:
  138"
BVC,Side Project Brewing,"You:
Not rated
From:
Side Project Brewing
  Missouri, United States
Style:
American Imperial Stout
Ranked #24
ABV:
15%
Score:
99
Ranked #151
Avg:
4.64 | pDev: 4.53%
Reviews:
7
Ratings:
85
Status:
Active
Rated:
Sep 14, 2025
Added:
May 05, 2019 by Luscious_Malfoy
Wants:
  8
Gots:
  7"
Susan,Hill Farmstead Brewery,"You:
Not rated
From:
Hill Farmstead Brewery
  Vermont, United States
Style:
American IPA
Ranked #1
ABV:
6%
Score:
99
Ranked #152
Avg:
4.5 | pDev: 6.67%
Reviews:
244
Ratings:
2,150
Status:
Active
Rated:
Saturday at 08:59 PM
Added:
Oct 25, 2012 by MasterSki
Wants:
  724
Gots:
  339"
Speedway Stout - Vietnamese Coffee,AleSmith Brewing Company,"You:
Not rated
From:
AleSmith Brewing Company
  California, United States
Style:
American Imperial Stout
Ranked #45
ABV:
12%
Score:
99
Ranked #153
Avg:
4.5 | pDev: 6.67%
Reviews:
202
Ratings:
2,020
Status:
Active
Rated:
Aug 11, 2025
Added:
Nov 13, 2011 by brew3crew
Wants:
  530
Gots:
  296"
Double Dry Hopped Mylar Bags,Other Half Brewing - Center Street,"You:
Not rated
From:
Other Half Brewing - Center Street
  New York, United States
Style:
New England IPA
Ranked #36
ABV:
8.5%
Score:
99
Ranked #154
Avg:
4.51 | pDev: 5.76%
Reviews:
131
Ratings:
697
Status:
Active
Rated:
Jun 08, 2025
Added:
Dec 27, 2016 by vfgccp
Wants:
  47
Gots:
  69"
Modem Tones - Bourbon Barrel-Aged - Vanilla,Modern Times Beer,"You:
Not rated
From:
Modern Times Beer
  California, United States
Style:
American Imperial Stout
Ranked #35
ABV:
14.4%
Score:
99
Ranked #155
Avg:
4.57 | pDev: 7.88%
Reviews:
22
Ratings:
155
Status:
Active
Rated:
Jun 17, 2025
Added:
Dec 30, 2017 by superspak
Wants:
  38
Gots:
  9"
Double Dry Hopped Melcher Street,Trillium Brewing Company,"You:
Not rated
From:
Trillium Brewing Company
  Massachusetts, United States
Style:
New England IPA
Ranked #38
ABV:
7.2%
Score:
99
Ranked #156
Avg:
4.5 | pDev: 6%
Reviews:
196
Ratings:
1,432
Status:
Active
Rated:
Aug 08, 2025
Added:
Dec 17, 2014 by American_Hawk
Wants:
  161
Gots:
  236"
Fort Point Pale Ale - Mosaic Dry Hopped,Trillium Brewing Company,"You:
Not rated
From:
Trillium Brewing Company
  Massachusetts, United States
Style:
American Pale Ale
Ranked #5
ABV:
6.6%
Score:
99
Ranked #157
Avg:
4.5 | pDev: 6%
Reviews:
154
Ratings:
1,304
Status:
Active
Rated:
Jul 10, 2025
Added:
Jan 16, 2015 by acurtis
Wants:
  190
Gots:
  211"
Heavy Mettle,Trillium Brewing Company,"You:
Not rated
From:
Trillium Brewing Company
  Massachusetts, United States
Style:
New England IPA
Ranked #39
ABV:
9.3%
Score:
99
Ranked #158
Avg:
4.5 | pDev: 6.89%
Reviews:
159
Ratings:
1,244
Status:
Active
Rated:
Aug 12, 2025
Added:
Jul 26, 2014 by aedgett12
Wants:
  361
Gots:
  214"
Oude Geuze Golden Blend,Brouwerij 3 Fonteinen,"You:
Not rated
From:
Brouwerij 3 Fonteinen
  Belgium
Style:
Gueuze
Ranked #4
ABV:
6.7%
Score:
99
Ranked #159
Avg:
4.5 | pDev: 6.67%
Reviews:
216
Ratings:
1,215
Status:
Active
Rated:
Jul 07, 2025
Added:
Mar 14, 2012 by rvdoorn
Wants:
  287
Gots:
  321"
Hommage,Brouwerij 3 Fonteinen,"You:
Not rated
From:
Brouwerij 3 Fonteinen
  Belgium
Style:
Fruit Lambic
Ranked #7
ABV:
6.3%
Score:
99
Ranked #160
Avg:
4.5 | pDev: 8%
Reviews:
238
Ratings:
1,192
Status:
Active
Rated:
Aug 31, 2025
Added:
Oct 14, 2007 by Phatz
Wants:
  768
Gots:
  190"
Saison Bernice,Sante Adairius Rustic Ales,"You:
Not rated
From:
Sante Adairius Rustic Ales
  California, United States
Style:
Saison
Ranked #15
ABV:
6.5%
Score:
99
Ranked #161
Avg:
4.5 | pDev: 6%
Reviews:
121
Ratings:
1,096
Status:
Active
Rated:
Saturday at 05:08 PM
Added:
Aug 18, 2012 by illidurit
Wants:
  498
Gots:
  131"
Upper Case,Trillium Brewing Company,"You:
Not rated
From:
Trillium Brewing Company
  Massachusetts, United States
Style:
New England IPA
Ranked #41
ABV:
9%
Score:
99
Ranked #162
Avg:
4.5 | pDev: 5.78%
Reviews:
134
Ratings:
1,064
Status:
Active
Rated:
Jun 14, 2025
Added:
Mar 10, 2015 by ThatsThatDude
Wants:
  229
Gots:
  130"
Bomb!,Prairie Artisan Ales,"You:
Not rated
From:
Prairie Artisan Ales
  Oklahoma, United States
Style:
American Imperial Stout
Ranked #48
ABV:
13%
Score:
99
Ranked #163
Avg:
4.49 | pDev: 8.24%
Reviews:
1,132
Ratings:
6,660
Status:
Active
Rated:
Aug 06, 2025
Added:
May 28, 2013 by MinorThreat
Wants:
  1,053
Gots:
  2,766"
Dorothy (Wine Barrel Aged),Hill Farmstead Brewery,"You:
Not rated
From:
Hill Farmstead Brewery
  Vermont, United States
Style:
Saison
Ranked #14
ABV:
7%
Score:
99
Ranked #164
Avg:
4.53 | pDev: 5.52%
Reviews:
36
Ratings:
288
Status:
Active
Rated:
Sep 01, 2025
Added:
Jul 06, 2016 by ThatsThatDude
Wants:
  43
Gots:
  24"
Pseudo Sue,Toppling Goliath Brewing Company,"You:
Not rated
From:
Toppling Goliath Brewing Company
  Iowa, United States
Style:
American Pale Ale
Ranked #6
ABV:
5.8%
Score:
99
Ranked #165
Avg:
4.49 | pDev: 7.57%
Reviews:
1,000
Ratings:
5,856
Status:
Active
Rated:
Sep 12, 2025
Added:
Aug 16, 2011 by emerge077
Wants:
  1,349
Gots:
  1,414"
Consecration,Russian River Brewing Company,"You:
Not rated
From:
Russian River Brewing Company
  California, United States
Style:
Wild Ale
Ranked #11
ABV:
10%
Score:
99
Ranked #166
Avg:
4.49 | pDev: 8.91%
Reviews:
1,233
Ratings:
5,638
Status:
Active
Rated:
Aug 30, 2025
Added:
Oct 30, 2008 by Gueuzedude
Wants:
  1,664
Gots:
  1,948"
Abrasive Ale,Surly Brewing Co.,"You:
Not rated
From:
Surly Brewing Co.
  Minnesota, United States
Style:
Imperial IPA
Ranked #12
ABV:
9.2%
Score:
99
Ranked #167
Avg:
4.49 | pDev: 7.8%
Reviews:
1,003
Ratings:
4,844
Status:
Active
Rated:
Apr 05, 2025
Added:
Dec 27, 2008 by Buebie
Wants:
  2,137
Gots:
  744"
Canuckley,Transient Artisan Ales,"You:
Not rated
From:
Transient Artisan Ales
  Michigan, United States
Style:
American Imperial Stout
Ranked #38
ABV:
14.5%
Score:
99
Ranked #168
Avg:
4.54 | pDev: 5.73%
Reviews:
37
Ratings:
229
Status:
Active
Rated:
Sep 14, 2025
Added:
Jun 01, 2018 by TreyIsWilson
Wants:
  38
Gots:
  14"
Double Dry Hopped Double Mosaic Daydream,Other Half Brewing - Center Street,"You:
Not rated
From:
Other Half Brewing - Center Street
  New York, United States
Style:
New England IPA
Ranked #40
ABV:
8.5%
Score:
99
Ranked #169
Avg:
4.51 | pDev: 5.76%
Reviews:
81
Ratings:
531
Status:
Active
Rated:
Aug 08, 2025
Added:
Jun 20, 2017 by ThatsThatDude
Wants:
  33
Gots:
  50"
Rocky Road - Bourbon Barrel-Aged,Angry Chair Brewing,"You:
Not rated
From:
Angry Chair Brewing
  Florida, United States
Style:
American Imperial Stout
Ranked #30
ABV:
11.5%
Score:
99
Ranked #170
Avg:
4.6 | pDev: 6.3%
Reviews:
11
Ratings:
107
Status:
Active
Rated:
May 10, 2025
Added:
Mar 09, 2018 by mig100
Wants:
  38
Gots:
  4"
Permanent Funeral,3 Floyds Brewing Co.,"You:
Not rated
From:
3 Floyds Brewing Co.
  Indiana, United States
Style:
Imperial IPA
Ranked #13
ABV:
10.5%
Score:
99
Ranked #171
Avg:
4.49 | pDev: 7.8%
Reviews:
438
Ratings:
3,276
Status:
Active
Rated:
Jul 27, 2025
Added:
Mar 25, 2013 by MasterSki
Wants:
  1,186
Gots:
  567"
Everett,Hill Farmstead Brewery,"You:
Not rated
From:
Hill Farmstead Brewery
  Vermont, United States
Style:
American Porter
Ranked #1
ABV:
7.5%
Score:
99
Ranked #172
Avg:
4.49 | pDev: 7.35%
Reviews:
440
Ratings:
2,883
Status:
Active
Rated:
Aug 28, 2025
Added:
Aug 15, 2010 by Brad007
Wants:
  1,152
Gots:
  403"
Congress Street IPA,Trillium Brewing Company,"You:
Not rated
From:
Trillium Brewing Company
  Massachusetts, United States
Style:
New England IPA
Ranked #42
ABV:
7.2%
Score:
99
Ranked #173
Avg:
4.49 | pDev: 6.24%
Reviews:
340
Ratings:
2,590
Status:
Active
Rated:
Sep 13, 2025
Added:
Oct 04, 2013 by TheAnk
Wants:
  651
Gots:
  605"
The Greenest Green,Tree House Brewing Company,"You:
Not rated
From:
Tree House Brewing Company
  Massachusetts, United States
Style:
New England IPA
Ranked #37
ABV:
8.8%
Score:
99
Ranked #174
Avg:
4.54 | pDev: 5.07%
Reviews:
40
Ratings:
211
Status:
Active
Rated:
Aug 20, 2025
Added:
Jun 10, 2022 by tigg924
Wants:
  7
Gots:
  14"
"Somewhere, Something Incredible Is Waiting To Be Known",Tree House Brewing Company,"You:
Not rated
From:
Tree House Brewing Company
  Massachusetts, United States
Style:
Sweet / Milk Stout
Ranked #3
ABV:
7.9%
Score:
99
Ranked #175
Avg:
4.51 | pDev: 5.99%
Reviews:
58
Ratings:
446
Status:
Active
Rated:
Aug 09, 2025
Added:
Nov 22, 2017 by DougAtlantis
Wants:
  42
Gots:
  62"
La Fosse,Side Project Brewing,"You:
Not rated
From:
Side Project Brewing
  Missouri, United States
Style:
Wild Ale
Ranked #10
ABV:
8%
Score:
99
Ranked #176
Avg:
4.51 | pDev: 7.1%
Reviews:
43
Ratings:
438
Status:
Active
Rated:
Jun 03, 2025
Added:
Jun 13, 2014 by Gonzoillini
Wants:
  254
Gots:
  42"
Mocha Wednesday,The Bruery,"You:
Not rated
From:
The Bruery
  California, United States
Style:
American Imperial Stout
Ranked #49
ABV:
19.9%
Score:
99
Ranked #177
Avg:
4.49 | pDev: 8.02%
Reviews:
150
Ratings:
1,506
Status:
Active
Rated:
Nov 27, 2024
Added:
Jan 08, 2014 by Chardman
Wants:
  824
Gots:
  481"
Adios Ghost,Monkish Brewing Co.,"You:
Not rated
From:
Monkish Brewing Co.
  California, United States
Style:
New England IPA
Ranked #34
ABV:
10.2%
Score:
99
Ranked #178
Avg:
4.61 | pDev: 4.77%
Reviews:
9
Ratings:
93
Status:
Active
Rated:
Aug 12, 2025
Added:
Dec 13, 2017 by TheCrowsEye
Wants:
  27
Gots:
  5"
Speedway Stout - Vietnamese Coffee - Rye Whiskey Barrel-Aged,AleSmith Brewing Company,"You:
Not rated
From:
AleSmith Brewing Company
  California, United States
Style:
American Imperial Stout
Ranked #37
ABV:
13.89%
Score:
99
Ranked #179
Avg:
4.57 | pDev: 3.94%
Reviews:
22
Ratings:
134
Status:
Active
Rated:
Sep 14, 2025
Added:
Apr 10, 2017 by StoutSnob40
Wants:
  19
Gots:
  17"
Cutting Tiles - Galaxy,Trillium Brewing Company,"You:
Not rated
From:
Trillium Brewing Company
  Massachusetts, United States
Style:
New England IPA
Ranked #43
ABV:
8.5%
Score:
99
Ranked #180
Avg:
4.5 | pDev: 6.44%
Reviews:
87
Ratings:
615
Status:
Active
Rated:
Sep 18, 2024
Added:
Aug 16, 2016 by ThatsThatDude
Wants:
  57
Gots:
  73"
BDCS,Ozark Beer Co.,"You:
Not rated
From:
Ozark Beer Co.
  Arkansas, United States
Style:
Sweet / Milk Stout
Ranked #4
ABV:
10.2%
Score:
99
Ranked #181
Avg:
4.5 | pDev: 6%
Reviews:
128
Ratings:
575
Status:
Active
Rated:
Sep 10, 2025
Added:
Mar 22, 2015 by ARaces23
Wants:
  291
Gots:
  62"
Impermanence,Tree House Brewing Company,"You:
Not rated
From:
Tree House Brewing Company
  Massachusetts, United States
Style:
Sweet / Milk Stout
Ranked #5
ABV:
9.2%
Score:
99
Ranked #182
Avg:
4.5 | pDev: 6.22%
Reviews:
90
Ratings:
573
Status:
Active
Rated:
May 14, 2025
Added:
Dec 18, 2015 by Jason
Wants:
  42
Gots:
  63"
Barrel-Aged Silhouette,Lift Bridge Brewing Co.,"You:
Not rated
From:
Lift Bridge Brewing Co.
  Minnesota, United States
Style:
Russian Imperial Stout
Ranked #10
ABV:
11%
Score:
99
Ranked #183
Avg:
4.5 | pDev: 6.22%
Reviews:
82
Ratings:
551
Status:
Active
Rated:
Jul 31, 2023
Added:
Feb 11, 2013 by josephwa
Wants:
  302
Gots:
  89"
B-Bomb - Coconut,Fremont Brewing Company,"You:
Not rated
From:
Fremont Brewing Company
  Washington, United States
Style:
American Strong Ale
Ranked #2
ABV:
13%
Score:
99
Ranked #184
Avg:
4.51 | pDev: 5.54%
Reviews:
69
Ratings:
371
Status:
Active
Rated:
Aug 20, 2025
Added:
Dec 03, 2017 by EdwardAbbey
Wants:
  43
Gots:
  24"
KBS - Maple Mackinac Fudge,Founders Brewing Company,"You:
Not rated
From:
Founders Brewing Company
  Michigan, United States
Style:
American Imperial Stout
Ranked #54
ABV:
11%
Score:
99
Ranked #185
Avg:
4.49 | pDev: 7.57%
Reviews:
302
Ratings:
950
Status:
Active
Rated:
Jul 21, 2025
Added:
Jun 26, 2020 by DISKORD
Wants:
  34
Gots:
  66"
Darkness,Surly Brewing Co.,"You:
Not rated
From:
Surly Brewing Co.
  Minnesota, United States
Style:
Russian Imperial Stout
Ranked #12
ABV:
12%
Score:
99
Ranked #186
Avg:
4.48 | pDev: 8.71%
Reviews:
1,008
Ratings:
4,298
Status:
Active
Rated:
Aug 23, 2025
Added:
Oct 08, 2006 by ryantupy
Wants:
  3,283
Gots:
  1,582"
Damon,Hill Farmstead Brewery,"You:
Not rated
From:
Hill Farmstead Brewery
  Vermont, United States
Style:
Russian Imperial Stout
Ranked #11
ABV:
10.5%
Score:
99
Ranked #187
Avg:
4.49 | pDev: 8.02%
Reviews:
137
Ratings:
907
Status:
Active
Rated:
Sep 14, 2025
Added:
Jan 09, 2012 by Jason
Wants:
  1,194
Gots:
  129"
DFPF,J. Wakefield Brewing,"You:
Not rated
From:
J. Wakefield Brewing
  Florida, United States
Style:
Berliner Weisse
Ranked #1
ABV:
7%
Score:
99
Ranked #188
Avg:
4.5 | pDev: 7.56%
Reviews:
63
Ratings:
507
Status:
Active
Rated:
Jun 14, 2025
Added:
Jan 05, 2015 by MasterSki
Wants:
  221
Gots:
  39"
Foggier Window,Monkish Brewing Co.,"You:
Not rated
From:
Monkish Brewing Co.
  California, United States
Style:
Imperial IPA
Ranked #14
ABV:
8.1%
Score:
99
Ranked #189
Avg:
4.51 | pDev: 5.76%
Reviews:
47
Ratings:
342
Status:
Active
Rated:
Aug 13, 2025
Added:
Oct 21, 2016 by vfgccp
Wants:
  70
Gots:
  17"
Crusher,The Alchemist,"You:
Not rated
From:
The Alchemist
  Vermont, United States
Style:
New England IPA
Ranked #45
ABV:
8%
Score:
99
Ranked #190
Avg:
4.48 | pDev: 7.14%
Reviews:
348
Ratings:
2,364
Status:
Active
Rated:
Aug 12, 2025
Added:
Jul 12, 2008 by Brad007
Wants:
  837
Gots:
  569"
Oude Geuze Cuvée Armand & Gaston,Brouwerij 3 Fonteinen,"You:
Not rated
From:
Brouwerij 3 Fonteinen
  Belgium
Style:
Gueuze
Ranked #5
ABV:
6.5%
Score:
99
Ranked #191
Avg:
4.49 | pDev: 5.79%
Reviews:
159
Ratings:
780
Status:
Active
Rated:
May 15, 2025
Added:
Jun 11, 2016 by cultclassic89
Wants:
  49
Gots:
  139"
Double Stack,Great Notion Brewing,"You:
Not rated
From:
Great Notion Brewing
  Oregon, United States
Style:
American Imperial Stout
Ranked #56
ABV:
11%
Score:
99
Ranked #192
Avg:
4.49 | pDev: 7.57%
Reviews:
148
Ratings:
766
Status:
Active
Rated:
Aug 21, 2025
Added:
Sep 05, 2015 by Great_Notion_Brewing
Wants:
  146
Gots:
  38"
Double Dry Hopped All Citra Everything,Other Half Brewing - Center Street,"You:
Not rated
From:
Other Half Brewing - Center Street
  New York, United States
Style:
New England IPA
Ranked #44
ABV:
8.5%
Score:
99
Ranked #193
Avg:
4.49 | pDev: 6.01%
Reviews:
132
Ratings:
744
Status:
Active
Rated:
Jul 31, 2025
Added:
Oct 27, 2016 by Zekenyce
Wants:
  50
Gots:
  71"
Hunahpu's Imperial Stout - Bourbon Barrel-Aged,Cigar City Brewing,"You:
Not rated
From:
Cigar City Brewing
  Florida, United States
Style:
American Imperial Stout
Ranked #50
ABV:
14.6%
Score:
99
Ranked #194
Avg:
4.5 | pDev: 6.67%
Reviews:
100
Ratings:
443
Status:
Active
Rated:
May 27, 2025
Added:
Dec 09, 2009 by tpd975
Wants:
  748
Gots:
  33"
Apple Brandy Barrel Noir,Prairie Artisan Ales,"You:
Not rated
From:
Prairie Artisan Ales
  Oklahoma, United States
Style:
American Imperial Stout
Ranked #61
ABV:
12%
Score:
99
Ranked #195
Avg:
4.48 | pDev: 7.14%
Reviews:
245
Ratings:
1,709
Status:
Active
Rated:
Nov 21, 2024
Added:
Dec 11, 2014 by ThatsThatDude
Wants:
  299
Gots:
  466"
Affogato,Trillium Brewing Company,"You:
Not rated
From:
Trillium Brewing Company
  Massachusetts, United States
Style:
American Imperial Stout
Ranked #51
ABV:
13.3%
Score:
99
Ranked #196
Avg:
4.5 | pDev: 6%
Reviews:
51
Ratings:
438
Status:
Active
Rated:
Oct 13, 2024
Added:
Jul 25, 2017 by PhineasMcClintock
Wants:
  69
Gots:
  37"
Space Trace,Bottle Logic Brewing,"You:
Not rated
From:
Bottle Logic Brewing
  California, United States
Style:
American Imperial Stout
Ranked #52
ABV:
11.1%
Score:
99
Ranked #197
Avg:
4.5 | pDev: 6.22%
Reviews:
64
Ratings:
437
Status:
Active
Rated:
Jun 28, 2025
Added:
Mar 23, 2016 by Keananmichael5
Wants:
  133
Gots:
  49"
No Rules,Perrin Brewing Co.,"You:
Not rated
From:
Perrin Brewing Co.
  Michigan, United States
Style:
Imperial Porter
Ranked #8
ABV:
15%
Score:
99
Ranked #198
Avg:
4.48 | pDev: 7.81%
Reviews:
296
Ratings:
1,423
Status:
Active
Rated:
Jan 14, 2025
Added:
May 15, 2015 by Perrin_Brewing
Wants:
  340
Gots:
  412"
Hold On To Sunshine,Tree House Brewing Company,"You:
Not rated
From:
Tree House Brewing Company
  Massachusetts, United States
Style:
Sweet / Milk Stout
Ranked #6
ABV:
7.6%
Score:
99
Ranked #199
Avg:
4.49 | pDev: 6.68%
Reviews:
105
Ratings:
637
Status:
Active
Rated:
Aug 15, 2025
Added:
Sep 15, 2017 by DougAtlantis
Wants:
  50
Gots:
  76"
Sunday Brunch - Bourbon Barrel-Aged,Kane Brewing Company,"You:
Not rated
From:
Kane Brewing Company
  New Jersey, United States
Style:
Imperial Porter
Ranked #7
ABV:
11%
Score:
99
Ranked #200
Avg:
4.56 | pDev: 5.48%
Reviews:
17
Ratings:
132
Status:
Active
Rated:
Jul 19, 2025
Added:
Jan 05, 2018 by Britt
Wants:
  28
Gots:
  7"
Barrel Aged Bomb!,Prairie Artisan Ales,"You:
Not rated
From:
Prairie Artisan Ales
  Oklahoma, United States
Style:
American Imperial Stout
Ranked #62
ABV:
14.7%
Score:
99
Ranked #201
Avg:
4.48 | pDev: 6.03%
Reviews:
203
Ratings:
1,260
Status:
Active
Rated:
Dec 03, 2024
Added:
Oct 03, 2014 by tylerstravis
Wants:
  243
Gots:
  321"
Imperial German Chocolate Cupcake Stout,Angry Chair Brewing,"You:
Not rated
From:
Angry Chair Brewing
  Florida, United States
Style:
Sweet / Milk Stout
Ranked #7
ABV:
9.5%
Score:
99
Ranked #202
Avg:
4.5 | pDev: 6.44%
Reviews:
54
Ratings:
379
Status:
Active
Rated:
Friday at 06:30 PM
Added:
Jul 25, 2016 by mattreitz49
Wants:
  87
Gots:
  22"
Abt 12,Brouwerij Sint-Bernard (St. Bernardus),"You:
Not rated
From:
Brouwerij Sint-Bernard (St. Bernardus)
  Belgium
Style:
Quadrupel (Quad)
Ranked #3
ABV:
10%
Score:
99
Ranked #203
Avg:
4.47 | pDev: 9.17%
Reviews:
3,035
Ratings:
10,426
Status:
Active
Rated:
Aug 21, 2025
Added:
Oct 13, 2001 by Todd
Wants:
  918
Gots:
  2,936"
Affogato - Bourbon Barrel-Aged,Trillium Brewing Company,"You:
Not rated
From:
Trillium Brewing Company
  Massachusetts, United States
Style:
American Imperial Stout
Ranked #46
ABV:
14.9%
Score:
99
Ranked #204
Avg:
4.53 | pDev: 6.4%
Reviews:
26
Ratings:
191
Status:
Active
Rated:
Dec 21, 2024
Added:
Feb 02, 2018 by PhineasMcClintock
Wants:
  42
Gots:
  15"
The Abyss,Deschutes Brewery,"You:
Not rated
From:
Deschutes Brewery
  Oregon, United States
Style:
American Imperial Stout
Ranked #65
ABV:
11.4%
Score:
99
Ranked #205
Avg:
4.47 | pDev: 9.4%
Reviews:
2,114
Ratings:
7,602
Status:
Active
Rated:
Yesterday at 07:35 PM
Added:
Dec 23, 2006 by Todd
Wants:
  3,003
Gots:
  3,956"
Leche Borracho,Bottle Logic Brewing,"You:
Not rated
From:
Bottle Logic Brewing
  California, United States
Style:
American Imperial Stout
Ranked #60
ABV:
11%
Score:
99
Ranked #206
Avg:
4.49 | pDev: 6.46%
Reviews:
82
Ratings:
500
Status:
Active
Rated:
Jul 26, 2025
Added:
May 04, 2014 by Smarty_Pints
Wants:
  141
Gots:
  82"
Abraxas,Perennial Artisan Ales,"You:
Not rated
From:
Perennial Artisan Ales
  Missouri, United States
Style:
American Imperial Stout
Ranked #66
ABV:
11.5%
Score:
99
Ranked #207
Avg:
4.47 | pDev: 7.61%
Reviews:
495
Ratings:
3,136
Status:
Active
Rated:
Aug 12, 2025
Added:
Dec 16, 2011 by jmvecchio1
Wants:
  1,190
Gots:
  811"
Stickee Monkee,Firestone Walker Brewing Co.,"You:
Not rated
From:
Firestone Walker Brewing Co.
  California, United States
Style:
Quadrupel (Quad)
Ranked #4
ABV:
12.3%
Score:
99
Ranked #208
Avg:
4.47 | pDev: 7.83%
Reviews:
448
Ratings:
3,004
Status:
Active
Rated:
Jul 29, 2025
Added:
Nov 07, 2010 by ThreeWiseMen
Wants:
  667
Gots:
  1,201"
Samuel Adams Utopias,Samuel Adams (Boston Beer Company),"You:
Not rated
From:
Samuel Adams (Boston Beer Company)
  Massachusetts, United States
Style:
American Strong Ale
Ranked #3
ABV:
28%
Score:
99
Ranked #209
Avg:
4.47 | pDev: 11.41%
Reviews:
623
Ratings:
2,851
Status:
Active
Rated:
Sep 08, 2025
Added:
Jul 09, 2005 by GClarkage
Wants:
  1,459
Gots:
  547"
Aurelian Lure,Jester King Brewery,"You:
Not rated
From:
Jester King Brewery
  Texas, United States
Style:
Wild Ale
Ranked #14
ABV:
5.4%
Score:
99
Ranked #210
Avg:
4.48 | pDev: 6.92%
Reviews:
62
Ratings:
801
Status:
Active
Rated:
Apr 04, 2025
Added:
Oct 17, 2013 by scotv
Wants:
  607
Gots:
  137"
Juicy,Hill Farmstead Brewery,"You:
Not rated
From:
Hill Farmstead Brewery
  Vermont, United States
Style:
Saison
Ranked #16
ABV:
7.4%
Score:
99
Ranked #211
Avg:
4.48 | pDev: 6.25%
Reviews:
125
Ratings:
788
Status:
Active
Rated:
Aug 25, 2025
Added:
Nov 20, 2012 by MasterSki
Wants:
  703
Gots:
  86"
Darkstar November,Bottle Logic Brewing,"You:
Not rated
From:
Bottle Logic Brewing
  California, United States
Style:
Russian Imperial Stout
Ranked #13
ABV:
15.3%
Score:
99
Ranked #212
Avg:
4.48 | pDev: 5.8%
Reviews:
120
Ratings:
788
Status:
Active
Rated:
Jul 24, 2025
Added:
Oct 25, 2014 by UCLABrewN84
Wants:
  191
Gots:
  184"
Trappist Westvleteren 8 (VIII),Brouwerij Westvleteren (Sint-Sixtusabdij van Westvleteren),"You:
Not rated
From:
Brouwerij Westvleteren (Sint-Sixtusabdij van Westvleteren)
  Belgium
Style:
Dubbel
Ranked #1
ABV:
8%
Score:
99
Ranked #213
Avg:
4.47 | pDev: 8.05%
Reviews:
878
Ratings:
2,416
Status:
Active
Rated:
Aug 27, 2025
Added:
Jun 02, 2001 by Todd
Wants:
  1,491
Gots:
  494"
Midnight Still,Holy Mountain Brewing Company - Interbay Brewery + Taproom,"You:
Not rated
From:
Holy Mountain Brewing Company - Interbay Brewery + Taproom
  Washington, United States
Style:
American Imperial Stout
Ranked #47
ABV:
12.5%
Score:
99
Ranked #214
Avg:
4.52 | pDev: 5.75%
Reviews:
24
Ratings:
212
Status:
Active
Rated:
Sep 14, 2025
Added:
Feb 22, 2016 by ThatsThatDude
Wants:
  111
Gots:
  29"
Ten FIDY - Bourbon Barrel-Aged,Oskar Blues Grill & Brew,"You:
Not rated
From:
Oskar Blues Grill & Brew
  Colorado, United States
Style:
American Imperial Stout
Ranked #67
ABV:
12.5%
Score:
99
Ranked #215
Avg:
4.47 | pDev: 6.26%
Reviews:
510
Ratings:
2,345
Status:
Active
Rated:
Aug 20, 2025
Added:
Sep 06, 2015 by DrMindbender
Wants:
  196
Gots:
  487"
V.S.O.R. Select,Revolution Brewing,"You:
Not rated
From:
Revolution Brewing
  Illinois, United States
Style:
Rye Beer
Ranked #1
ABV:
15.7%
Score:
99
Ranked #216
Avg:
4.62 | pDev: 4.11%
Reviews:
18
Ratings:
75
Status:
Active
Rated:
Aug 08, 2025
Added:
Jan 03, 2024 by Luscious_Malfoy
Wants:
  7
Gots:
  2"
Sosus,Toppling Goliath Brewing Company,"You:
Not rated
From:
Toppling Goliath Brewing Company
  Iowa, United States
Style:
Imperial IPA
Ranked #16
ABV:
8.2%
Score:
99
Ranked #217
Avg:
4.47 | pDev: 6.49%
Reviews:
294
Ratings:
2,018
Status:
Active
Rated:
Aug 13, 2025
Added:
May 05, 2013 by nickapalooza86
Wants:
  648
Gots:
  198"
Smooth,Side Project Brewing,"You:
Not rated
From:
Side Project Brewing
  Missouri, United States
Style:
Wild Ale
Ranked #12
ABV:
6%
Score:
99
Ranked #218
Avg:
4.51 | pDev: 5.99%
Reviews:
33
Ratings:
252
Status:
Active
Rated:
Aug 02, 2025
Added:
Jan 08, 2016 by ThatsThatDude
Wants:
  79
Gots:
  32"
Thicket,Side Project Brewing,"You:
Not rated
From:
Side Project Brewing
  Missouri, United States
Style:
Wild Ale
Ranked #13
ABV:
6%
Score:
99
Ranked #219
Avg:
4.5 | pDev: 6.22%
Reviews:
39
Ratings:
317
Status:
Active
Rated:
Feb 10, 2025
Added:
Jan 15, 2015 by beerjerk666
Wants:
  219
Gots:
  27"
Bourbon Barrel Oro Negro,Jackie O's Taproom & Brewery,"You:
Not rated
From:
Jackie O's Taproom & Brewery
  Ohio, United States
Style:
American Imperial Stout
Ranked #64
ABV:
12.1%
Score:
99
Ranked #220
Avg:
4.48 | pDev: 6.7%
Reviews:
111
Ratings:
647
Status:
Active
Rated:
Aug 19, 2025
Added:
Aug 05, 2016 by IMFletcher
Wants:
  96
Gots:
  48"
Triple Citra Daydream,Other Half Brewing - Center Street,"You:
Not rated
From:
Other Half Brewing - Center Street
  New York, United States
Style:
Milkshake IPA
Ranked #1
ABV:
10.5%
Score:
99
Ranked #221
Avg:
4.5 | pDev: 6.22%
Reviews:
66
Ratings:
298
Status:
Active
Rated:
Aug 12, 2025
Added:
May 29, 2018 by vfgccp
Wants:
  30
Gots:
  20"
Label Us Notorious,J. Wakefield Brewing,"You:
Not rated
From:
J. Wakefield Brewing
  Florida, United States
Style:
American Imperial Stout
Ranked #40
ABV:
17%
Score:
99
Ranked #222
Avg:
4.58 | pDev: 5.24%
Reviews:
5
Ratings:
97
Status:
Active
Rated:
Aug 12, 2025
Added:
Feb 16, 2017 by mothman
Wants:
  48
Gots:
  6"
CitraQuench'l,Heist Brewery,"You:
Not rated
From:
Heist Brewery
  North Carolina, United States
Style:
New England IPA
Ranked #46
ABV:
7.1%
Score:
99
Ranked #223
Avg:
4.49 | pDev: 6.46%
Reviews:
83
Ratings:
393
Status:
Active
Rated:
Sep 13, 2025
Added:
Mar 20, 2016 by DVMin98
Wants:
  127
Gots:
  32"
Cellarman Barrel Aged Saison,Sante Adairius Rustic Ales,"You:
Not rated
From:
Sante Adairius Rustic Ales
  California, United States
Style:
Saison
Ranked #18
ABV:
6.5%
Score:
99
Ranked #224
Avg:
4.48 | pDev: 5.8%
Reviews:
73
Ratings:
590
Status:
Active
Rated:
Nov 21, 2024
Added:
Jun 28, 2013 by illidurit
Wants:
  164
Gots:
  91"
Reaction State,Bottle Logic Brewing,"You:
Not rated
From:
Bottle Logic Brewing
  California, United States
Style:
American Imperial Stout
Ranked #55
ABV:
11.8%
Score:
99
Ranked #225
Avg:
4.51 | pDev: 6.21%
Reviews:
34
Ratings:
229
Status:
Active
Rated:
Aug 15, 2024
Added:
Feb 17, 2017 by fthegiants
Wants:
  80
Gots:
  21"
Pliny For President,Russian River Brewing Company,"You:
Not rated
From:
Russian River Brewing Company
  California, United States
Style:
Imperial IPA
Ranked #15
ABV:
7%
Score:
99
Ranked #226
Avg:
4.5 | pDev: 6.22%
Reviews:
78
Ratings:
275
Status:
Active
Rated:
May 27, 2025
Added:
May 22, 2020 by Luscious_Malfoy
Wants:
  41
Gots:
  7"
Schaarbeekse Kriek,Brouwerij 3 Fonteinen,"You:
Not rated
From:
Brouwerij 3 Fonteinen
  Belgium
Style:
Fruit Lambic
Ranked #8
ABV:
6%
Score:
99
Ranked #227
Avg:
4.47 | pDev: 7.16%
Reviews:
267
Ratings:
967
Status:
Active
Rated:
Aug 03, 2025
Added:
May 23, 2004 by Rastacouere
Wants:
  516
Gots:
  200"
All That Is And All That Ever Will Be,Tree House Brewing Company,"You:
Not rated
From:
Tree House Brewing Company
  Massachusetts, United States
Style:
Sweet / Milk Stout
Ranked #8
ABV:
6.5%
Score:
99
Ranked #228
Avg:
4.48 | pDev: 6.25%
Reviews:
85
Ratings:
511
Status:
Active
Rated:
Yesterday at 09:31 PM
Added:
Sep 23, 2016 by ThatsThatDude
Wants:
  61
Gots:
  53"
Flora,Hill Farmstead Brewery,"You:
Not rated
From:
Hill Farmstead Brewery
  Vermont, United States
Style:
Saison
Ranked #20
ABV:
4.8%
Score:
99
Ranked #229
Avg:
4.47 | pDev: 8.05%
Reviews:
124
Ratings:
832
Status:
Active
Rated:
Sep 07, 2025
Added:
Oct 02, 2010 by SFLpunk
Wants:
  624
Gots:
  115"
Expedition Stout - Bourbon Barrel-Aged,Bell's Brewery - Eccentric Café & General Store,"You:
Not rated
From:
Bell's Brewery - Eccentric Café & General Store
  Michigan, United States
Style:
Russian Imperial Stout
Ranked #15
ABV:
13.4%
Score:
99
Ranked #230
Avg:
4.47 | pDev: 6.49%
Reviews:
168
Ratings:
810
Status:
Active
Rated:
Apr 04, 2025
Added:
Dec 13, 2004 by CRJMellor
Wants:
  147
Gots:
  114"
Foggy Window,Monkish Brewing Co.,"You:
Not rated
From:
Monkish Brewing Co.
  California, United States
Style:
New England IPA
Ranked #47
ABV:
8.1%
Score:
99
Ranked #231
Avg:
4.49 | pDev: 5.35%
Reviews:
49
Ratings:
330
Status:
Active
Rated:
May 14, 2025
Added:
Apr 24, 2016 by erjaq
Wants:
  90
Gots:
  24"
Peche Du Fermier,Side Project Brewing,"You:
Not rated
From:
Side Project Brewing
  Missouri, United States
Style:
Saison
Ranked #19
ABV:
8%
Score:
99
Ranked #232
Avg:
4.5 | pDev: 5.56%
Reviews:
28
Ratings:
256
Status:
Active
Rated:
Aug 14, 2025
Added:
Aug 24, 2014 by ThatsThatDude
Wants:
  213
Gots:
  12"
Abraxas - Coffee,Perennial Artisan Ales,"You:
Not rated
From:
Perennial Artisan Ales
  Missouri, United States
Style:
American Imperial Stout
Ranked #71
ABV:
11.5%
Score:
99
Ranked #233
Avg:
4.47 | pDev: 7.83%
Reviews:
97
Ratings:
779
Status:
Active
Rated:
Saturday at 11:30 PM
Added:
Oct 13, 2013 by MasterSki
Wants:
  441
Gots:
  83"
Jam The Radar,Bottle Logic Brewing,"You:
Not rated
From:
Bottle Logic Brewing
  California, United States
Style:
American Imperial Stout
Ranked #68
ABV:
13.7%
Score:
99
Ranked #234
Avg:
4.48 | pDev: 5.58%
Reviews:
72
Ratings:
462
Status:
Active
Rated:
Jul 18, 2025
Added:
Mar 23, 2016 by kmanjohnson
Wants:
  71
Gots:
  42"
Maple Bacon Coffee Porter,Funky Buddha Brewery,"You:
Not rated
From:
Funky Buddha Brewery
  Florida, United States
Style:
American Porter
Ranked #2
ABV:
6.4%
Score:
99
Ranked #235
Avg:
4.46 | pDev: 8.07%
Reviews:
347
Ratings:
2,238
Status:
Active
Rated:
Aug 16, 2025
Added:
Oct 19, 2010 by DosBeerigos
Wants:
  2,204
Gots:
  363"
Last Snow,Funky Buddha Brewery,"You:
Not rated
From:
Funky Buddha Brewery
  Florida, United States
Style:
American Porter
Ranked #3
ABV:
6.4%
Score:
99
Ranked #236
Avg:
4.46 | pDev: 8.07%
Reviews:
320
Ratings:
2,175
Status:
Active
Rated:
Aug 16, 2025
Added:
Nov 18, 2011 by brentk56
Wants:
  701
Gots:
  485"
Imperial Eclipse Stout - Elijah Craig (12 Year),FiftyFifty Brewing Co.,"You:
Not rated
From:
FiftyFifty Brewing Co.
  California, United States
Style:
American Imperial Stout
Ranked #78
ABV:
11.9%
Score:
99
Ranked #237
Avg:
4.46 | pDev: 7.4%
Reviews:
331
Ratings:
2,048
Status:
Active
Rated:
May 13, 2025
Added:
Dec 28, 2009 by Jmoore50
Wants:
  841
Gots:
  744"
Bourbon Barrel Champion Ground,Jackie O's Taproom & Brewery,"You:
Not rated
From:
Jackie O's Taproom & Brewery
  Ohio, United States
Style:
American Imperial Stout
Ranked #72
ABV:
11.8%
Score:
99
Ranked #238
Avg:
4.47 | pDev: 6.26%
Reviews:
140
Ratings:
717
Status:
Active
Rated:
May 17, 2025
Added:
Aug 25, 2015 by elkinbrown
Wants:
  222
Gots:
  77"
Bodhi,Columbus Brewing Company,"You:
Not rated
From:
Columbus Brewing Company
  Ohio, United States
Style:
Imperial IPA
Ranked #17
ABV:
8.3%
Score:
99
Ranked #239
Avg:
4.46 | pDev: 7.62%
Reviews:
294
Ratings:
1,835
Status:
Active
Rated:
Aug 19, 2025
Added:
Oct 06, 2009 by projectflam86
Wants:
  554
Gots:
  318"
Leaner,Side Project Brewing,"You:
Not rated
From:
Side Project Brewing
  Missouri, United States
Style:
Saison
Ranked #17
ABV:
8%
Score:
99
Ranked #240
Avg:
4.54 | pDev: 5.29%
Reviews:
16
Ratings:
131
Status:
Active
Rated:
Feb 18, 2025
Added:
Jan 06, 2016 by ThatsThatDude
Wants:
  54
Gots:
  2"
Rodenbach Caractère Rouge,Brouwerij Rodenbach N.V.,"You:
Not rated
From:
Brouwerij Rodenbach N.V.
  Belgium
Style:
Flanders Red Ale
Ranked #1
ABV:
7%
Score:
99
Ranked #241
Avg:
4.46 | pDev: 7.17%
Reviews:
264
Ratings:
1,609
Status:
Active
Rated:
Aug 03, 2025
Added:
Nov 01, 2011 by Jason
Wants:
  348
Gots:
  373"
Double Dry Hopped Double Citra Daydream,Other Half Brewing - Center Street,"You:
Not rated
From:
Other Half Brewing - Center Street
  New York, United States
Style:
New England IPA
Ranked #48
ABV:
8.5%
Score:
99
Ranked #242
Avg:
4.48 | pDev: 5.36%
Reviews:
78
Ratings:
420
Status:
Active
Rated:
Aug 08, 2025
Added:
Aug 15, 2017 by ThatsThatDude
Wants:
  25
Gots:
  46"
Birth Of Tragedy,Hill Farmstead Brewery,"You:
Not rated
From:
Hill Farmstead Brewery
  Vermont, United States
Style:
Imperial Porter
Ranked #9
ABV:
9%
Score:
99
Ranked #243
Avg:
4.46 | pDev: 8.3%
Reviews:
199
Ratings:
1,300
Status:
Active
Rated:
Sep 14, 2025
Added:
Nov 19, 2011 by s1ckboy
Wants:
  1,057
Gots:
  205"
Caffè Americano,Cigar City Brewing,"You:
Not rated
From:
Cigar City Brewing
  Florida, United States
Style:
American Imperial Stout
Ranked #79
ABV:
12%
Score:
99
Ranked #244
Avg:
4.46 | pDev: 6.5%
Reviews:
177
Ratings:
1,252
Status:
Active
Rated:
Jul 29, 2025
Added:
Aug 14, 2013 by wiltznucs
Wants:
  334
Gots:
  183"
Truth - Vanilla Bean,Tree House Brewing Company,"You:
Not rated
From:
Tree House Brewing Company
  Massachusetts, United States
Style:
American Imperial Stout
Ranked #44
ABV:
13.2%
Score:
99
Ranked #245
Avg:
4.56 | pDev: 6.36%
Reviews:
19
Ratings:
104
Status:
Active
Rated:
Sep 12, 2025
Added:
Sep 15, 2020 by bhatch729
Wants:
  12
Gots:
  1"
Dragonsaddle,Hoof Hearted Brewing,"You:
Not rated
From:
Hoof Hearted Brewing
  Ohio, United States
Style:
New England IPA
Ranked #50
ABV:
11.5%
Score:
99
Ranked #246
Avg:
4.48 | pDev: 7.14%
Reviews:
56
Ratings:
386
Status:
Active
Rated:
Dec 13, 2024
Added:
Feb 22, 2014 by pimpmyporter
Wants:
  139
Gots:
  32"
Red Eye November,Bottle Logic Brewing,"You:
Not rated
From:
Bottle Logic Brewing
  California, United States
Style:
Russian Imperial Stout
Ranked #16
ABV:
13.2%
Score:
99
Ranked #247
Avg:
4.48 | pDev: 5.58%
Reviews:
58
Ratings:
379
Status:
Active
Rated:
Jun 20, 2025
Added:
Nov 25, 2015 by fthegiants
Wants:
  59
Gots:
  43"
Hopslam Ale,Bell's Brewery - Eccentric Café & General Store,"You:
Not rated
From:
Bell's Brewery - Eccentric Café & General Store
  Michigan, United States
Style:
Imperial IPA
Ranked #20
ABV:
10%
Score:
98
Ranked #248
Avg:
4.45 | pDev: 9.66%
Reviews:
3,810
Ratings:
14,056
Status:
Active
Rated:
Sep 04, 2025
Added:
Apr 14, 2004 by beernbbq
Wants:
  2,770
Gots:
  3,982"
The Streets,Trillium Brewing Company,"You:
Not rated
From:
Trillium Brewing Company
  Massachusetts, United States
Style:
New England IPA
Ranked #51
ABV:
10%
Score:
98
Ranked #249
Avg:
4.47 | pDev: 7.38%
Reviews:
98
Ratings:
523
Status:
Active
Rated:
Aug 13, 2025
Added:
Mar 16, 2017 by ThatsThatDude
Wants:
  33
Gots:
  58"
Emerald Grouper,Pipeworks Brewing Co.,"You:
Not rated
From:
Pipeworks Brewing Co.
  Illinois, United States
Style:
Imperial IPA
Ranked #19
ABV:
9.5%
Score:
98
Ranked #250
Avg:
4.46 | pDev: 8.3%
Reviews:
117
Ratings:
937
Status:
Active
Rated:
Aug 30, 2024
Added:
Nov 22, 2013 by MasterSki
Wants:
  398
Gots:
  101"
